id,symbol,name,image,current_price,market_cap,market_cap_rank,fully_diluted_valuation,total_volume,high_24h,low_24h,price_change_24h,price_change_percentage_24h,market_cap_change_24h,market_cap_change_percentage_24h,circulating_supply,total_supply,max_supply,ath,ath_change_percentage,ath_date,atl,atl_change_percentage,atl_date,roi,last_updated,price_change_percentage_30d_in_currency,price_change_percentage_7d_in_currency,zone,drawdown_pct,suspected_wash_trading,momentum,is_gold,btc_change_24h,btc_change_7d,rs_24h,rs_7d,rs_available,rs_strong_24h,rs_leader_24h,ratio,range,volume_recovery,price_resilience,timeframe_analysis,timeframe_classification,social_analysis,seller_exhaustion,volatility_14d,ratio_surge,sector,accumulation_score,accumulation_signal,accumulation_slope,is_silent_accumulation,accumulation_reason,source_range,quant_score,social_score,final_score,ranking,persistence_count_3d,persistence_count_7d,persistence_count_14d,first_seen,max_persistence_ever,persistence_days,is_confirmed_leader,social_explosion,social_validation,rs_strong
stablr-usd,usdr,StablR USD,https://coin-images.coingecko.com/coins/images/53721/large/stablrusd-logo.png?1737126629,0.97618,20593756,880,20593756,30395456,0.977882,0.618478,0.157663,19.26198,3346808.0,19.40522,21076437.506944,21076437.506944,,1.053,-7.5595,2025-03-04T20:26:03.971Z,0.40209,141.98542,2026-05-24T08:51:44.804Z,,2026-05-25T11:14:24.911Z,-2.329743831876003,-2.3479568989057733,breakout,0.073,False,low,False,0.19561,,19.066370000000003,,True,False,False,1.4759549447900615,10_49m_range,False,False,"{'short_term': {'has_spike': False, 'momentum_initial': 'low', 'volume_mc_ratio': 0, 'is_candidate': False}, 'medium_term': {'persistence_days': 0, 'volume_recovery_consistent': False, 'volatility_reducing': False, 'is_emerging_leader': False}, 'long_term': {'trend_clear': False, 'sustainable_growth': False, 'consistency_score': 0, 'is_confirmed_leader': False}, 'classification': 'MONITORING'}",MONITORING,"{""should_analyze"": false, ""combined_validation"": ""NOT_APPLICABLE""}",False,0.0,False,Other,0.0,none,0.0,False,Apenas 0 snapshots (mínimo 3),10_49m_range,1.6,0,0.96,1,0,0,0,20260525,0,0,False,False,NOT_APPLICABLE,False
bonfida,fida,Bonfida,https://coin-images.coingecko.com/coins/images/13395/large/bonfida.png?1696513157,0.03610905,35840206,622,35840206,71414707,0.04018277,0.03545127,-6.6829893701367e-05,-0.18474,-269273.5720568076,-0.74571,990910775.601921,990910775.601921,1000000000.0,18.77,-99.80597,2021-11-03T20:34:33.492Z,0.01221703,198.16624,2026-03-29T22:50:36.078Z,,2026-05-25T11:14:27.304Z,111.95896404655417,51.57810788632445,breakout,0.9981,True,low,False,0.19561,,-0.38034999999999997,,True,False,False,1.9925863986384453,10_49m_range,False,False,"{'short_term': {'has_spike': False, 'momentum_initial': 'low', 'volume_mc_ratio': 0, 'is_candidate': False}, 'medium_term': {'persistence_days': 0, 'volume_recovery_consistent': False, 'volatility_reducing': False, 'is_emerging_leader': False}, 'long_term': {'trend_clear': False, 'sustainable_growth': False, 'consistency_score': 0, 'is_confirmed_leader': False}, 'classification': 'MONITORING'}",MONITORING,"{""should_analyze"": false, ""combined_validation"": ""NOT_APPLICABLE""}",False,0.0,False,Other,0.661,strong,0.3205,True,"Acumulação silenciosa: slope=0.3205, consistência=44%",10_49m_range,1.2,0,0.72,2,0,0,0,20260506,0,0,False,False,NOT_APPLICABLE,False
pha,pha,PHALA,https://coin-images.coingecko.com/coins/images/12451/large/phala.png?1696512270,0.04157717,34706735,636,41363903,32668772,0.04298668,0.03622771,0.00280558,7.23617,2045250.0,6.26196,839058499.4721034,1000000000.0,1000000000.0,1.39,-97.06426,2021-05-15T04:20:32.741Z,0.02120268,92.55131,2026-03-01T20:41:27.308Z,,2026-05-25T11:14:22.143Z,21.441944394541583,34.95247495088806,strong,0.9701,False,low,False,0.19561,,7.04056,,True,False,False,0.9412804748127417,10_49m_range,False,False,"{'short_term': {'has_spike': False, 'momentum_initial': 'low', 'volume_mc_ratio': 0, 'is_candidate': False}, 'medium_term': {'persistence_days': 0, 'volume_recovery_consistent': False, 'volatility_reducing': False, 'is_emerging_leader': False}, 'long_term': {'trend_clear': False, 'sustainable_growth': False, 'consistency_score': 0, 'is_confirmed_leader': False}, 'classification': 'MONITORING'}",MONITORING,"{""should_analyze"": false, ""combined_validation"": ""NOT_APPLICABLE""}",False,0.0,False,Other,0.66,strong,0.0292,True,"Acumulação silenciosa: slope=0.0292, consistência=54%",10_49m_range,1.1,0,0.66,3,0,0,0,20260510,0,0,False,False,NOT_APPLICABLE,False
paris-saint-germain-fan-token,psg,Paris Saint-Germain Fan Token,https://coin-images.coingecko.com/coins/images/11620/large/PSG.png?1741772294,1.047,16792043,972,20985549,12621215,1.088,1.024,0.01728884,1.67906,410299.0,2.50461,15915415.9143673,19890000.0,19890000.0,58.79,-98.20311,2021-04-27T04:13:36.909Z,0.600374,75.95138,2026-02-06T00:30:21.119Z,,2026-05-25T11:14:21.899Z,22.843557172653593,3.1838850930987532,strong,0.9822,False,low,False,0.19561,,1.48345,,True,False,False,0.7516187875412181,10_49m_range,False,False,"{'short_term': {'has_spike': False, 'momentum_initial': 'low', 'volume_mc_ratio': 0, 'is_candidate': False}, 'medium_term': {'persistence_days': 0, 'volume_recovery_consistent': False, 'volatility_reducing': False, 'is_emerging_leader': False}, 'long_term': {'trend_clear': False, 'sustainable_growth': False, 'consistency_score': 0, 'is_confirmed_leader': False}, 'classification': 'MONITORING'}",MONITORING,"{""should_analyze"": false, ""combined_validation"": ""NOT_APPLICABLE""}",False,0.0,False,Other,0.0,none,-0.126,False,Ratio em queda — sem acumulação,10_49m_range,1.0,0,0.6,4,0,0,0,20260510,0,0,False,False,NOT_APPLICABLE,False
dogs-2,dogs,Dogs,https://coin-images.coingecko.com/coins/images/39699/large/dogs_logo_200x200.png?1723687163,5.19e-05,26844948,754,28572272,17978159,5.415e-05,4.804e-05,1.98e-06,3.96146,1065949.0,4.13495,516750000000.0,550000000000.0,550000000000.0,0.00163299,-96.81364,2024-08-28T10:10:46.492Z,2.375e-05,119.08309,2026-02-28T12:15:13.471Z,,2026-05-25T11:14:24.238Z,57.6022580306053,-2.66206671606581,strong,0.9682,False,low,False,0.19561,,3.7658500000000004,,True,False,False,0.6697036254270263,10_49m_range,False,False,"{'short_term': {'has_spike': False, 'momentum_initial': 'low', 'volume_mc_ratio': 0, 'is_candidate': False}, 'medium_term': {'persistence_days': 0, 'volume_recovery_consistent': False, 'volatility_reducing': False, 'is_emerging_leader': False}, 'long_term': {'trend_clear': False, 'sustainable_growth': False, 'consistency_score': 0, 'is_confirmed_leader': False}, 'classification': 'MONITORING'}",MONITORING,"{""should_analyze"": false, ""combined_validation"": ""NOT_APPLICABLE""}",False,0.0,False,Meme,0.0,none,-0.1101,False,Ratio em queda — sem acumulação,10_49m_range,0.6,0,0.36,5,0,0,0,20260502,0,0,False,False,NOT_APPLICABLE,False
test-3,tst,Test,https://coin-images.coingecko.com/coins/images/54274/large/Test.png?1738997629,0.01780315,16830290,968,16830290,11111595,0.01803541,0.01679513,0.00075277,4.41497,759877.0,4.72842,942230397.1986927,942230397.1986927,1000000000.0,0.511293,-96.49362,2025-02-09T09:09:52.387Z,0.00783528,128.8096,2026-03-29T22:56:25.457Z,,2026-05-25T11:14:30.263Z,55.57524966434927,9.229175610814158,strong,0.9652,False,low,False,0.19561,,4.21936,,True,False,False,0.6602141139576323,10_49m_range,False,False,"{'short_term': {'has_spike': False, 'momentum_initial': 'low', 'volume_mc_ratio': 0, 'is_candidate': False}, 'medium_term': {'persistence_days': 0, 'volume_recovery_consistent': False, 'volatility_reducing': False, 'is_emerging_leader': False}, 'long_term': {'trend_clear': False, 'sustainable_growth': False, 'consistency_score': 0, 'is_confirmed_leader': False}, 'classification': 'MONITORING'}",MONITORING,"{""should_analyze"": false, ""combined_validation"": ""NOT_APPLICABLE""}",False,0.0,False,Other,0.0,none,-0.0,False,Ratio em queda — sem acumulação,10_49m_range,0.6,0,0.36,6,0,0,0,20260506,0,0,False,False,NOT_APPLICABLE,False
zelcash,flux,Flux,https://coin-images.coingecko.com/coins/images/5163/large/Flux_symbol_blue-white.png?1696505679,0.075136,30815727,687,30817979,15669053,0.076192,0.068593,0.00654295,9.53878,2710022.0,9.64225,410224582.4991484,410254570.4991484,440000000.0,3.33,-97.74166,2022-01-03T10:18:02.680Z,0.01640374,357.879,2021-01-13T05:29:57.987Z,,2026-05-25T11:14:25.113Z,3.4558814153314,10.038304437845477,strong,0.9774,False,low,False,0.19561,,9.343169999999999,,True,False,False,0.5084758506589833,10_49m_range,False,False,"{'short_term': {'has_spike': False, 'momentum_initial': 'low', 'volume_mc_ratio': 0, 'is_candidate': False}, 'medium_term': {'persistence_days': 0, 'volume_recovery_consistent': False, 'volatility_reducing': False, 'is_emerging_leader': False}, 'long_term': {'trend_clear': False, 'sustainable_growth': False, 'consistency_score': 0, 'is_confirmed_leader': False}, 'classification': 'MONITORING'}",MONITORING,"{""should_analyze"": false, ""combined_validation"": ""NOT_APPLICABLE""}",False,0.0,False,Other,0.0,none,0.0,False,Apenas 0 snapshots (mínimo 3),10_49m_range,0.6,0,0.36,7,0,0,0,20260525,0,0,False,False,NOT_APPLICABLE,False
metamask-usd,musd,MetaMask USD,https://coin-images.coingecko.com/coins/images/68451/large/MetaMask-mUSD-Icon-200x200.png?1755878384,0.999841,32097411,671,32097411,19983393,1.024,0.999312,8.567e-05,0.00857,-997436.5079207495,-3.01387,32102710.445669,32102710.445669,,1.26,-20.6868,2026-05-17T23:15:47.956Z,0.979806,2.01096,2025-09-03T00:00:00.000Z,,2026-05-25T11:14:25.778Z,0.009152120153767953,0.0023296923490715386,strong,0.2065,False,low,False,0.19561,,-0.18704,,True,False,False,0.6225858216415024,10_49m_range,False,False,"{'short_term': {'has_spike': False, 'momentum_initial': 'low', 'volume_mc_ratio': 0, 'is_candidate': False}, 'medium_term': {'persistence_days': 0, 'volume_recovery_consistent': False, 'volatility_reducing': False, 'is_emerging_leader': False}, 'long_term': {'trend_clear': False, 'sustainable_growth': False, 'consistency_score': 0, 'is_confirmed_leader': False}, 'classification': 'MONITORING'}",MONITORING,"{""should_analyze"": false, ""combined_validation"": ""NOT_APPLICABLE""}",False,0.0,False,Other,0.0,none,0.0,False,Apenas 1 snapshots (mínimo 3),10_49m_range,0.5,0,0.3,8,0,0,0,20260510,0,0,False,False,NOT_APPLICABLE,False
stepn,gmt,GMT,https://coin-images.coingecko.com/coins/images/23597/large/token-gmt-200x200.png?1703153841,0.01184513,36751943,610,59932456,21951480,0.01217095,0.01148468,-9.3816922293993e-05,-0.78581,-474708.6276841089,-1.27518,3111400155.0,5073850155.102167,6000000000.0,4.11,-99.71308,2022-04-28T03:29:53.820Z,0.00938775,25.53113,2026-03-29T22:55:08.566Z,,2026-05-25T11:14:22.838Z,-5.194689230048828,13.092174646503352,strong,0.9971,False,low,False,0.19561,,-0.98142,,True,False,False,0.5972876046308626,10_49m_range,False,False,"{'short_term': {'has_spike': False, 'momentum_initial': 'low', 'volume_mc_ratio': 0, 'is_candidate': False}, 'medium_term': {'persistence_days': 0, 'volume_recovery_consistent': False, 'volatility_reducing': False, 'is_emerging_leader': False}, 'long_term': {'trend_clear': False, 'sustainable_growth': False, 'consistency_score': 0, 'is_confirmed_leader': False}, 'classification': 'MONITORING'}",MONITORING,"{""should_analyze"": false, ""combined_validation"": ""NOT_APPLICABLE""}",False,0.0,False,Other,0.4,moderate,0.1885,False,Possível acumulação: slope=0.1885,10_49m_range,0.5,0,0.3,9,0,0,0,20260506,0,0,False,False,NOT_APPLICABLE,False
clearpool,cpool,Clearpool,https://coin-images.coingecko.com/coins/images/19252/large/photo_2022-08-31_12.45.02.jpeg?1696518697,0.03288773,33262692,655,33262692,14474584,0.03589306,0.03061477,0.0017855,5.74074,2028800.0,6.49551,1000000000.0,1000000000.0,1000000000.0,2.55,-98.69566,2021-11-16T18:18:49.737Z,0.01599962,108.02755,2023-10-16T19:32:35.253Z,,2026-05-25T11:14:28.314Z,17.79282701049982,11.52330630969947,early_accumulation,0.9871,False,low,False,0.19561,,5.5451299999999994,,True,False,False,0.4351597279017585,10_49m_range,False,False,"{'short_term': {'has_spike': False, 'momentum_initial': 'low', 'volume_mc_ratio': 0, 'is_candidate': False}, 'medium_term': {'persistence_days': 0, 'volume_recovery_consistent': False, 'volatility_reducing': False, 'is_emerging_leader': False}, 'long_term': {'trend_clear': False, 'sustainable_growth': False, 'consistency_score': 0, 'is_confirmed_leader': False}, 'classification': 'MONITORING'}",MONITORING,"{""should_analyze"": false, ""combined_validation"": ""NOT_APPLICABLE""}",False,0.0,False,Other,0.0,none,0.0,False,Apenas 2 snapshots (mínimo 3),10_49m_range,0.1,0,0.06,10,0,0,0,20260510,0,0,False,False,NOT_APPLICABLE,False
drift-protocol,drift,Drift Protocol,https://coin-images.coingecko.com/coins/images/37509/large/DRIFT.png?1715842607,0.033765,20799872,873,34013629,7961009,0.03560381,0.02668895,0.00607196,21.92595,3820293.0,22.49934,611515824.085346,1000000000.0,1000000000.0,2.6,-98.70025,2024-11-09T01:41:24.471Z,0.02667806,26.87997,2026-04-10T03:05:31.364Z,,2026-05-25T11:14:24.360Z,-0.49328202593833,19.839151259740373,early_accumulation,0.987,False,low,False,0.19561,,21.73034,,True,False,False,0.38274317265029323,10_49m_range,False,False,"{'short_term': {'has_spike': False, 'momentum_initial': 'low', 'volume_mc_ratio': 0, 'is_candidate': False}, 'medium_term': {'persistence_days': 0, 'volume_recovery_consistent': False, 'volatility_reducing': False, 'is_emerging_leader': False}, 'long_term': {'trend_clear': False, 'sustainable_growth': False, 'consistency_score': 0, 'is_confirmed_leader': False}, 'classification': 'MONITORING'}",MONITORING,"{""should_analyze"": false, ""combined_validation"": ""NOT_APPLICABLE""}",False,0.0,False,Other,0.0,none,0.0,False,Apenas 2 snapshots (mínimo 3),10_49m_range,0.1,0,0.06,11,0,0,0,20260511,0,0,False,False,NOT_APPLICABLE,False
eitherway,either,Eitherway,https://coin-images.coingecko.com/coins/images/102172671/large/eitherway.jpg?1774677318,0.192327,19242012,919,19242012,5858750,0.202276,0.171022,0.01220421,6.77548,1248359.0,6.93778,99979840.9869272,99979840.9869272,100000000.0,0.380277,-49.36682,2026-05-03T00:50:04.374Z,0.07133,169.93619,2026-04-20T12:21:26.782Z,,2026-05-25T11:14:21.592Z,76.24940692376742,34.24999069267822,early_accumulation,0.4942,False,low,False,0.19561,,6.57987,,True,False,False,0.3044769954410173,10_49m_range,False,False,"{'short_term': {'has_spike': False, 'momentum_initial': 'low', 'volume_mc_ratio': 0, 'is_candidate': False}, 'medium_term': {'persistence_days': 0, 'volume_recovery_consistent': False, 'volatility_reducing': False, 'is_emerging_leader': False}, 'long_term': {'trend_clear': False, 'sustainable_growth': False, 'consistency_score': 0, 'is_confirmed_leader': False}, 'classification': 'MONITORING'}",MONITORING,"{""should_analyze"": false, ""combined_validation"": ""NOT_APPLICABLE""}",False,0.0,False,Other,0.0,none,-0.0287,False,Ratio em queda — sem acumulação,10_49m_range,0.1,0,0.06,12,0,0,0,20260507,0,0,False,False,NOT_APPLICABLE,False
coin98,c98,Coin98,https://coin-images.coingecko.com/coins/images/17117/large/logo.png?1696516677,0.01976589,19736737,907,19736759,5692967,0.02054764,0.01860995,0.00052364,2.72132,521664.0,2.71487,999998884.0,1000000000.0,1000000000.0,6.42,-99.69248,2021-08-25T12:26:13.409Z,0.01666911,18.42795,2026-01-31T18:47:57.431Z,,2026-05-25T11:14:27.775Z,-9.208708573341633,3.489882279212923,early_accumulation,0.9969,False,low,False,0.19561,,2.52571,,True,False,False,0.2884451974001579,10_49m_range,False,False,"{'short_term': {'has_spike': False, 'momentum_initial': 'low', 'volume_mc_ratio': 0, 'is_candidate': False}, 'medium_term': {'persistence_days': 0, 'volume_recovery_consistent': False, 'volatility_reducing': False, 'is_emerging_leader': False}, 'long_term': {'trend_clear': False, 'sustainable_growth': False, 'consistency_score': 0, 'is_confirmed_leader': False}, 'classification': 'MONITORING'}",MONITORING,"{""should_analyze"": false, ""combined_validation"": ""NOT_APPLICABLE""}",False,0.0,False,Other,0.0,none,0.0,False,Apenas 1 snapshots (mínimo 3),10_49m_range,0.1,0,0.06,13,0,0,0,20260511,0,0,False,False,NOT_APPLICABLE,False
vine,vine,Vine,https://coin-images.coingecko.com/coins/images/53859/large/vine.jpg?1737613523,0.01774023,17811943,945,17811943,4281377,0.01795618,0.01667433,0.00065872,3.85636,730902.0,4.27903,999969265.124275,999969265.124275,1000000000.0,0.469941,-96.21745,2025-01-26T10:00:27.525Z,0.01447873,22.7714,2026-04-28T10:55:44.220Z,,2026-05-25T11:14:24.805Z,12.502253157657982,-0.023161133634425415,early_accumulation,0.9623,False,low,False,0.19561,,3.66075,,True,False,False,0.24036552328962651,10_49m_range,False,False,"{'short_term': {'has_spike': False, 'momentum_initial': 'low', 'volume_mc_ratio': 0, 'is_candidate': False}, 'medium_term': {'persistence_days': 0, 'volume_recovery_consistent': False, 'volatility_reducing': False, 'is_emerging_leader': False}, 'long_term': {'trend_clear': False, 'sustainable_growth': False, 'consistency_score': 0, 'is_confirmed_leader': False}, 'classification': 'MONITORING'}",MONITORING,"{""should_analyze"": false, ""combined_validation"": ""NOT_APPLICABLE""}",False,0.0,False,Meme,0.0,none,-0.0152,False,Ratio em queda — sem acumulação,10_49m_range,0.1,0,0.06,14,0,0,0,20260502,0,0,False,False,NOT_APPLICABLE,False
edu-coin,edu,Open Campus,https://coin-images.coingecko.com/coins/images/29948/large/EDU_Logo.png?1696528874,0.04776499,36216889,617,47817869,8189169,0.04834484,0.0451396,0.0012257,2.63368,928216.0,2.63035,757392361.0,1000000000.0,1000000000.0,1.67,-97.13639,2023-04-29T08:05:57.583Z,0.04149096,15.56163,2026-04-19T10:25:16.201Z,,2026-05-25T11:14:23.028Z,2.557708955851005,3.9219502805229114,early_accumulation,0.9714,False,low,False,0.19561,,2.43807,,True,False,False,0.22611464502100112,10_49m_range,False,False,"{'short_term': {'has_spike': False, 'momentum_initial': 'low', 'volume_mc_ratio': 0, 'is_candidate': False}, 'medium_term': {'persistence_days': 0, 'volume_recovery_consistent': False, 'volatility_reducing': False, 'is_emerging_leader': False}, 'long_term': {'trend_clear': False, 'sustainable_growth': False, 'consistency_score': 0, 'is_confirmed_leader': False}, 'classification': 'MONITORING'}",MONITORING,"{""should_analyze"": false, ""combined_validation"": ""NOT_APPLICABLE""}",False,0.0,False,Other,0.157,none,0.0011,False,Dados insuficientes,10_49m_range,0.1,0,0.06,15,0,0,0,20260502,0,0,False,False,NOT_APPLICABLE,False
notcoin,not,Notcoin,https://coin-images.coingecko.com/coins/images/33453/large/rFmThDiD_400x400.jpg?1701876350,0.00047471,47260097,517,48697115,10524557,0.00047738,0.00043996,1.18e-05,2.54881,1227047.0,2.66558,99429447866.9074,102452755868.5205,102456956842.91,0.02836145,-98.32477,2024-06-02T18:00:38.587Z,0.00032676,45.40465,2026-02-28T13:45:06.069Z,,2026-05-25T11:14:23.636Z,12.658390391203108,0.2619202825862411,early_accumulation,0.9833,False,low,False,0.19561,,2.3532,,True,False,False,0.22269435883722372,10_49m_range,False,False,"{'short_term': {'has_spike': False, 'momentum_initial': 'low', 'volume_mc_ratio': 0, 'is_candidate': False}, 'medium_term': {'persistence_days': 0, 'volume_recovery_consistent': False, 'volatility_reducing': False, 'is_emerging_leader': False}, 'long_term': {'trend_clear': False, 'sustainable_growth': False, 'consistency_score': 0, 'is_confirmed_leader': False}, 'classification': 'MONITORING'}",MONITORING,"{""should_analyze"": false, ""combined_validation"": ""NOT_APPLICABLE""}",False,0.0,False,Meme,0.0,none,-0.0503,False,Ratio em queda — sem acumulação,10_49m_range,0.1,0,0.06,16,0,0,0,20260502,0,0,False,False,NOT_APPLICABLE,False
aevo-exchange,aevo,Aevo,https://coin-images.coingecko.com/coins/images/35893/large/aevo.png?1710138340,0.02545857,23283300,823,25387551,4968616,0.02583184,0.02385527,0.00063572,2.56105,506685.0,2.22459,917114835.8345721,1000000000.0,1000000000.0,3.76,-99.32291,2024-03-28T00:05:46.673Z,0.02078552,22.36451,2026-03-29T22:52:01.183Z,,2026-05-25T11:14:23.899Z,-6.901568309640668,-2.853936024061348,early_accumulation,0.9932,False,low,False,0.19561,,2.36544,,True,False,False,0.21339827258163577,10_49m_range,False,False,"{'short_term': {'has_spike': False, 'momentum_initial': 'low', 'volume_mc_ratio': 0, 'is_candidate': False}, 'medium_term': {'persistence_days': 0, 'volume_recovery_consistent': False, 'volatility_reducing': False, 'is_emerging_leader': False}, 'long_term': {'trend_clear': False, 'sustainable_growth': False, 'consistency_score': 0, 'is_confirmed_leader': False}, 'classification': 'MONITORING'}",MONITORING,"{""should_analyze"": false, ""combined_validation"": ""NOT_APPLICABLE""}",False,0.0,False,Other,0.0,none,-0.0079,False,Ratio em queda — sem acumulação,10_49m_range,0.1,0,0.06,17,0,0,0,20260510,0,0,False,False,NOT_APPLICABLE,False
altlayer,alt,AltLayer,https://coin-images.coingecko.com/coins/images/34608/large/Logomark_200x200.png?1715107868,0.00756609,48465074,508,75679461,18699813,0.00798711,0.00746408,-0.000395530230218584,-4.96796,-791295.3309634253,-1.60648,6403993052.0,10000000000.0,10000000000.0,0.676743,-98.87474,2024-03-28T23:20:10.066Z,0.00600213,26.87374,2026-03-29T22:55:39.974Z,,2026-05-25T11:14:23.995Z,-6.64209962340721,15.004175520279887,early_accumulation,0.9888,False,low,False,0.19561,,-5.16357,,True,False,False,0.38584100789776987,10_49m_range,False,False,"{'short_term': {'has_spike': False, 'momentum_initial': 'low', 'volume_mc_ratio': 0, 'is_candidate': False}, 'medium_term': {'persistence_days': 0, 'volume_recovery_consistent': False, 'volatility_reducing': False, 'is_emerging_leader': False}, 'long_term': {'trend_clear': False, 'sustainable_growth': False, 'consistency_score': 0, 'is_confirmed_leader': False}, 'classification': 'MONITORING'}",MONITORING,"{""should_analyze"": false, ""combined_validation"": ""NOT_APPLICABLE""}",False,0.0,False,Other,0.0,none,0.0,False,Apenas 2 snapshots (mínimo 3),10_49m_range,0.0,0,0.0,18,0,0,0,20260520,0,0,False,False,NOT_APPLICABLE,False
paxos-standard,usdp,Pax Dollar,https://coin-images.coingecko.com/coins/images/6013/large/Pax_Dollar.png?1696506427,0.999709,40557407,567,40557407,15209617,0.999746,0.998819,0.00043473,0.0435,17678.82,0.04361,40569459.92052442,40569459.92052442,,1.18,-15.61081,2024-04-16T16:20:21.365Z,0.863529,15.76716,2021-05-19T13:14:42.046Z,"{'times': -0.000291365292321, 'currency': 'usd', 'percentage': -0.0291365292321}",2026-05-25T11:14:25.270Z,-0.005857186540727513,-0.007805466128462794,early_accumulation,0.1528,False,low,False,0.19561,,-0.15211000000000002,,True,False,False,0.37501453187083683,10_49m_range,False,False,"{'short_term': {'has_spike': False, 'momentum_initial': 'low', 'volume_mc_ratio': 0, 'is_candidate': False}, 'medium_term': {'persistence_days': 0, 'volume_recovery_consistent': False, 'volatility_reducing': False, 'is_emerging_leader': False}, 'long_term': {'trend_clear': False, 'sustainable_growth': False, 'consistency_score': 0, 'is_confirmed_leader': False}, 'classification': 'MONITORING'}",MONITORING,"{""should_analyze"": false, ""combined_validation"": ""NOT_APPLICABLE""}",False,0.0,False,Other,0.256,weak,0.0007,False,Sinal fraco: slope=0.0007,10_49m_range,0.0,0,0.0,19,0,0,0,20260502,0,0,False,False,NOT_APPLICABLE,False
aixbt,aixbt,aixbt,https://coin-images.coingecko.com/coins/images/51784/large/3.png?1731981138,0.02903103,28947704,720,29103161,9951639,0.02988887,0.02787122,-0.000613584048732903,-2.0698,-344013.8483956568,-1.17444,994658423.1010208,1000000000.0,1000000000.0,0.942578,-96.91267,2025-01-16T11:56:02.862Z,0.01797721,61.87462,2026-02-23T01:30:43.221Z,,2026-05-25T11:14:24.731Z,3.2184766853906006,-3.4078913800442625,early_accumulation,0.9692,False,low,False,0.19561,,-2.2654099999999997,,True,False,False,0.34377990738056463,10_49m_range,False,False,"{'short_term': {'has_spike': False, 'momentum_initial': 'low', 'volume_mc_ratio': 0, 'is_candidate': False}, 'medium_term': {'persistence_days': 0, 'volume_recovery_consistent': False, 'volatility_reducing': False, 'is_emerging_leader': False}, 'long_term': {'trend_clear': False, 'sustainable_growth': False, 'consistency_score': 0, 'is_confirmed_leader': False}, 'classification': 'MONITORING'}",MONITORING,"{""should_analyze"": false, ""combined_validation"": ""NOT_APPLICABLE""}",False,0.0,False,AI,0.0,none,-0.0063,False,Ratio em queda — sem acumulação,10_49m_range,0.0,0,0.0,20,0,0,0,20260502,0,0,False,False,NOT_APPLICABLE,False
doodles,dood,Doodles,https://coin-images.coingecko.com/coins/images/54399/large/dood.png?1774374789,0.00263474,20550198,882,26346407,6928025,0.00265392,0.0025542,-1.9177917621401e-05,-0.72263,-149604.66269757226,-0.72273,7800000000.0,10000000000.0,10000000000.0,0.01753469,-84.95654,2025-10-07T05:09:59.361Z,0.00204546,28.95981,2025-06-22T20:27:29.397Z,,2026-05-25T11:14:24.938Z,-20.153911775488776,-3.5555999811904484,early_accumulation,0.8497,False,low,False,0.19561,,-0.91824,,True,False,False,0.3371269220861035,10_49m_range,False,False,"{'short_term': {'has_spike': False, 'momentum_initial': 'low', 'volume_mc_ratio': 0, 'is_candidate': False}, 'medium_term': {'persistence_days': 0, 'volume_recovery_consistent': False, 'volatility_reducing': False, 'is_emerging_leader': False}, 'long_term': {'trend_clear': False, 'sustainable_growth': False, 'consistency_score': 0, 'is_confirmed_leader': False}, 'classification': 'MONITORING'}",MONITORING,"{""should_analyze"": false, ""combined_validation"": ""NOT_APPLICABLE""}",False,0.0,False,Other,0.0,none,-0.0024,False,Ratio em queda — sem acumulação,10_49m_range,0.0,0,0.0,21,0,0,0,20260510,0,0,False,False,NOT_APPLICABLE,False
audius,audio,Audius,https://coin-images.coingecko.com/coins/images/12913/large/audio-token-asset_2x.png?1747243328,0.01925552,27383886,746,27383886,8832543,0.02029426,0.01908415,-0.00017201345932261,-0.88541,-266137.21797415614,-0.96252,1423001380.0,1423001380.984007,,4.95,-99.6116,2021-03-27T15:45:35.137Z,0.01633786,17.79024,2026-04-03T01:45:36.098Z,,2026-05-25T11:14:22.334Z,-10.131160879480948,0.6725642007089238,early_accumulation,0.9961,False,low,False,0.19561,,-1.08102,,True,False,False,0.3225452735232684,10_49m_range,False,False,"{'short_term': {'has_spike': False, 'momentum_initial': 'low', 'volume_mc_ratio': 0, 'is_candidate': False}, 'medium_term': {'persistence_days': 0, 'volume_recovery_consistent': False, 'volatility_reducing': False, 'is_emerging_leader': False}, 'long_term': {'trend_clear': False, 'sustainable_growth': False, 'consistency_score': 0, 'is_confirmed_leader': False}, 'classification': 'MONITORING'}",MONITORING,"{""should_analyze"": false, ""combined_validation"": ""NOT_APPLICABLE""}",False,0.0,False,Other,0.0,none,-0.0256,False,Ratio em queda — sem acumulação,10_49m_range,0.0,0,0.0,22,0,0,0,20260510,0,0,False,False,NOT_APPLICABLE,False
book-of-meme,bome,BOOK OF MEME,https://coin-images.coingecko.com/coins/images/36071/large/bome.png?1710407255,0.00053967,37245384,601,37245384,11823017,0.00054356,0.00051178,1.99e-06,0.36989,105525.0,0.28413,68999659569.0,68999659569.0,68999659569.0,0.02688878,-97.99182,2024-03-16T13:51:17.648Z,5.848e-05,823.31129,2024-03-14T10:17:29.365Z,,2026-05-25T11:14:23.996Z,2.855317553800593,-4.863909338290843,early_accumulation,0.9799,False,low,False,0.19561,,0.17428,,True,False,False,0.31743576599988876,10_49m_range,False,False,"{'short_term': {'has_spike': False, 'momentum_initial': 'low', 'volume_mc_ratio': 0, 'is_candidate': False}, 'medium_term': {'persistence_days': 0, 'volume_recovery_consistent': False, 'volatility_reducing': False, 'is_emerging_leader': False}, 'long_term': {'trend_clear': False, 'sustainable_growth': False, 'consistency_score': 0, 'is_confirmed_leader': False}, 'classification': 'MONITORING'}",MONITORING,"{""should_analyze"": false, ""combined_validation"": ""NOT_APPLICABLE""}",False,0.0,False,Meme,0.0,none,-0.0043,False,Ratio em queda — sem acumulação,10_49m_range,0.0,0,0.0,23,0,0,0,20260502,0,0,False,False,NOT_APPLICABLE,False
stargate-finance,stg,Stargate Finance,https://coin-images.coingecko.com/coins/images/24413/large/STG_LOGO.png?1696523595,0.168577,19859069,904,19859069,6253350,0.171203,0.163854,-0.001826293540165114,-1.07175,-214298.8220118843,-1.06758,117821094.9535451,117821094.9535451,1000000000.0,4.14,-95.92331,2022-04-02T00:00:00.000Z,0.104476,61.60219,2025-12-31T19:01:22.813Z,,2026-05-25T11:14:23.029Z,-17.53361823878025,-10.445199023647096,early_accumulation,0.9593,False,low,False,0.19561,,-1.26736,,True,False,False,0.3148863624976579,10_49m_range,False,False,"{'short_term': {'has_spike': False, 'momentum_initial': 'low', 'volume_mc_ratio': 0, 'is_candidate': False}, 'medium_term': {'persistence_days': 0, 'volume_recovery_consistent': False, 'volatility_reducing': False, 'is_emerging_leader': False}, 'long_term': {'trend_clear': False, 'sustainable_growth': False, 'consistency_score': 0, 'is_confirmed_leader': False}, 'classification': 'MONITORING'}",MONITORING,"{""should_analyze"": false, ""combined_validation"": ""NOT_APPLICABLE""}",False,0.0,False,Other,0.412,moderate,0.0026,False,Possível acumulação: slope=0.0026,10_49m_range,0.0,0,0.0,24,0,0,0,20260510,0,0,False,False,NOT_APPLICABLE,False
biconomy,bico,Biconomy,https://coin-images.coingecko.com/coins/images/21061/large/biconomy_logo.jpg?1696520444,0.02760902,19939041,898,27768331,6240010,0.02945162,0.02681952,-0.001606742437148416,-5.49957,-1109291.556602683,-5.27021,718049656.9789356,1000000000.0,1000000000.0,21.45,-99.87043,2021-12-02T02:18:45.254Z,0.01846859,50.46246,2026-03-08T16:55:22.839Z,,2026-05-25T11:14:22.774Z,5.850967011646532,19.501859419644322,early_accumulation,0.9987,False,low,False,0.19561,,-5.695180000000001,,True,False,False,0.31295436926981596,10_49m_range,False,False,"{'short_term': {'has_spike': False, 'momentum_initial': 'low', 'volume_mc_ratio': 0, 'is_candidate': False}, 'medium_term': {'persistence_days': 0, 'volume_recovery_consistent': False, 'volatility_reducing': False, 'is_emerging_leader': False}, 'long_term': {'trend_clear': False, 'sustainable_growth': False, 'consistency_score': 0, 'is_confirmed_leader': False}, 'classification': 'MONITORING'}",MONITORING,"{""should_analyze"": false, ""combined_validation"": ""NOT_APPLICABLE""}",False,0.0,False,Other,0.634,strong,0.0207,True,"Acumulação silenciosa: slope=0.0207, consistência=64%",10_49m_range,0.0,0,0.0,25,0,0,0,20260506,0,0,False,False,NOT_APPLICABLE,False
lorenzo-protocol,bank,Lorenzo Protocol,https://coin-images.coingecko.com/coins/images/55250/large/lorenzo.jpg?1744963693,0.03684078,15667626,1002,15667626,4659504,0.03801071,0.03620247,-0.000853560948962495,-2.26443,-362053.4059298374,-2.25864,425250000.0,425250000.0,2100000000.0,0.230688,-83.99606,2025-10-18T05:15:39.862Z,0.02585786,42.77713,2026-04-03T04:00:51.532Z,,2026-05-25T11:14:25.143Z,4.682242416136038,0.4282587872571461,early_accumulation,0.8403,False,low,False,0.19561,,-2.46004,,True,False,False,0.2973969381194062,10_49m_range,False,False,"{'short_term': {'has_spike': False, 'momentum_initial': 'low', 'volume_mc_ratio': 0, 'is_candidate': False}, 'medium_term': {'persistence_days': 0, 'volume_recovery_consistent': False, 'volatility_reducing': False, 'is_emerging_leader': False}, 'long_term': {'trend_clear': False, 'sustainable_growth': False, 'consistency_score': 0, 'is_confirmed_leader': False}, 'classification': 'MONITORING'}",MONITORING,"{""should_analyze"": false, ""combined_validation"": ""NOT_APPLICABLE""}",False,0.0,False,Other,0.0,none,-0.0208,False,Ratio em queda — sem acumulação,10_49m_range,0.0,0,0.0,26,0,0,0,20260506,0,0,False,False,NOT_APPLICABLE,False
lumia,lumia,Lumia,https://coin-images.coingecko.com/coins/images/50867/large/lumia.jpg?1729321993,0.107806,14935231,1035,25761467,4387462,0.115599,0.103336,-0.006327289838857553,-5.54375,-871602.3701514043,-5.51409,138496021.73127738,238888888.0,238888888.0,2.49,-95.66919,2024-12-04T21:01:25.444Z,0.055025,96.32121,2026-02-28T10:11:03.598Z,,2026-05-25T11:14:24.394Z,-20.665938720784492,11.34398454394817,early_accumulation,0.9567,False,low,False,0.19561,,-5.7393600000000005,,True,False,False,0.29376592836093396,10_49m_range,False,False,"{'short_term': {'has_spike': False, 'momentum_initial': 'low', 'volume_mc_ratio': 0, 'is_candidate': False}, 'medium_term': {'persistence_days': 0, 'volume_recovery_consistent': False, 'volatility_reducing': False, 'is_emerging_leader': False}, 'long_term': {'trend_clear': False, 'sustainable_growth': False, 'consistency_score': 0, 'is_confirmed_leader': False}, 'classification': 'MONITORING'}",MONITORING,"{""should_analyze"": false, ""combined_validation"": ""NOT_APPLICABLE""}",False,0.0,False,Other,0.651,strong,0.0204,True,"Acumulação silenciosa: slope=0.0204, consistência=71%",10_49m_range,0.0,0,0.0,27,0,0,0,20260505,0,0,False,False,NOT_APPLICABLE,False
api3,api3,Api3,https://coin-images.coingecko.com/coins/images/13256/large/Api3-Token.png?1742439807,0.332862,47269925,516,56307339,13783029,0.345405,0.317135,0.00686813,2.10683,860414.0,1.85396,142379270.404272,169600392.681119,,10.3,-96.77113,2021-04-07T06:54:35.507Z,0.257119,29.31212,2026-02-06T00:30:21.935Z,,2026-05-25T11:14:22.225Z,-16.81661174872284,1.008303530320569,early_accumulation,0.9677,False,low,False,0.19561,,1.91122,,True,False,False,0.29158135960655746,10_49m_range,False,False,"{'short_term': {'has_spike': False, 'momentum_initial': 'low', 'volume_mc_ratio': 0, 'is_candidate': False}, 'medium_term': {'persistence_days': 0, 'volume_recovery_consistent': False, 'volatility_reducing': False, 'is_emerging_leader': False}, 'long_term': {'trend_clear': False, 'sustainable_growth': False, 'consistency_score': 0, 'is_confirmed_leader': False}, 'classification': 'MONITORING'}",MONITORING,"{""should_analyze"": false, ""combined_validation"": ""NOT_APPLICABLE""}",False,0.0,False,Infra,0.0,none,-0.1295,False,Ratio em queda — sem acumulação,10_49m_range,0.0,0,0.0,28,0,0,0,20260510,0,0,False,False,NOT_APPLICABLE,False
concierge-io,ava,AVA (Travala),https://coin-images.coingecko.com/coins/images/3014/large/AVA_Logo_160x160px_Black.png?1696503750,0.235972,17298354,954,17298354,4547570,0.238009,0.228327,-0.001610586935342051,-0.67791,-92042.30080294609,-0.52927,73278967.0,73278967.0,100000000.0,6.45,-96.33493,2021-04-14T07:24:28.788Z,0.01218947,1837.92599,2019-02-27T00:00:00.000Z,"{'times': -0.32579421320064056, 'currency': 'usd', 'percentage': -32.57942132006406}",2026-05-25T11:14:23.120Z,-6.076078096124654,2.1694140393561305,early_accumulation,0.9634,False,low,False,0.19561,,-0.8735200000000001,,True,False,False,0.2628903304904039,10_49m_range,False,False,"{'short_term': {'has_spike': False, 'momentum_initial': 'low', 'volume_mc_ratio': 0, 'is_candidate': False}, 'medium_term': {'persistence_days': 0, 'volume_recovery_consistent': False, 'volatility_reducing': False, 'is_emerging_leader': False}, 'long_term': {'trend_clear': False, 'sustainable_growth': False, 'consistency_score': 0, 'is_confirmed_leader': False}, 'classification': 'MONITORING'}",MONITORING,"{""should_analyze"": false, ""combined_validation"": ""NOT_APPLICABLE""}",False,0.0,False,Other,0.282,weak,0.0028,False,Sinal fraco: slope=0.0028,10_49m_range,0.0,0,0.0,29,0,0,0,20260502,0,0,False,False,NOT_APPLICABLE,False
dodo,dodo,DODO,https://coin-images.coingecko.com/coins/images/12651/large/dodo_logo.png?1696512458,0.01796896,17995443,942,17995443,4433046,0.01798052,0.01646387,0.00017478,0.98222,24306.0,0.13525,1000000000.0,1000000000.0,1000000000.0,8.38,-99.78571,2021-02-20T09:19:28.624Z,0.0129848,38.24694,2026-02-06T00:30:52.016Z,,2026-05-25T11:14:22.011Z,-12.588467135026798,-0.07093327739194089,early_accumulation,0.9979,False,low,False,0.19561,,0.78661,,True,False,False,0.24634269909332046,10_49m_range,False,False,"{'short_term': {'has_spike': False, 'momentum_initial': 'low', 'volume_mc_ratio': 0, 'is_candidate': False}, 'medium_term': {'persistence_days': 0, 'volume_recovery_consistent': False, 'volatility_reducing': False, 'is_emerging_leader': False}, 'long_term': {'trend_clear': False, 'sustainable_growth': False, 'consistency_score': 0, 'is_confirmed_leader': False}, 'classification': 'MONITORING'}",MONITORING,"{""should_analyze"": false, ""combined_validation"": ""NOT_APPLICABLE""}",False,0.0,False,Other,0.0,none,-0.1204,False,Ratio em queda — sem acumulação,10_49m_range,0.0,0,0.0,30,0,0,0,20260514,0,0,False,False,NOT_APPLICABLE,False
giggle-fund,giggle,Giggle Fund,https://coin-images.coingecko.com/coins/images/69414/large/giggle-fund.jpg?1758541887,30.95,30950753,684,30950753,7139656,31.01,29.56,0.103897,0.3368,106135.0,0.3441,1000000.0,1000000.0,1000000.0,274.54,-88.71155,2025-10-25T04:05:48.420Z,8.64,258.60486,2025-09-25T16:01:24.440Z,,2026-05-25T11:14:26.165Z,-13.080158930154703,-6.949697290375593,early_accumulation,0.8873,False,low,False,0.19561,,0.14118999999999998,,True,False,False,0.23067794182584184,10_49m_range,False,False,"{'short_term': {'has_spike': False, 'momentum_initial': 'low', 'volume_mc_ratio': 0, 'is_candidate': False}, 'medium_term': {'persistence_days': 0, 'volume_recovery_consistent': False, 'volatility_reducing': False, 'is_emerging_leader': False}, 'long_term': {'trend_clear': False, 'sustainable_growth': False, 'consistency_score': 0, 'is_confirmed_leader': False}, 'classification': 'MONITORING'}",MONITORING,"{""should_analyze"": false, ""combined_validation"": ""NOT_APPLICABLE""}",False,0.0,False,Other,0.0,none,-0.0587,False,Ratio em queda — sem acumulação,10_49m_range,0.0,0,0.0,31,0,0,0,20260504,0,0,False,False,NOT_APPLICABLE,False
xai-blockchain,xai,Xai,https://coin-images.coingecko.com/coins/images/34258/large/round_icon_2048_px.png?1719523838,0.01017812,20875535,870,22324635,4610912,0.0102256,0.00971886,1.591e-05,0.15659,73868.0,0.3551,2048963633.0175517,2191194820.668174,2500000000.0,1.59,-99.35977,2024-02-25T16:20:31.509Z,0.00878089,15.91332,2026-02-28T10:10:18.964Z,,2026-05-25T11:14:24.239Z,-9.86467879915248,0.8834476777722287,early_accumulation,0.9936,False,low,False,0.19561,,-0.03902,,True,False,False,0.22087635119291554,10_49m_range,False,False,"{'short_term': {'has_spike': False, 'momentum_initial': 'low', 'volume_mc_ratio': 0, 'is_candidate': False}, 'medium_term': {'persistence_days': 0, 'volume_recovery_consistent': False, 'volatility_reducing': False, 'is_emerging_leader': False}, 'long_term': {'trend_clear': False, 'sustainable_growth': False, 'consistency_score': 0, 'is_confirmed_leader': False}, 'classification': 'MONITORING'}",MONITORING,"{""should_analyze"": false, ""combined_validation"": ""NOT_APPLICABLE""}",False,0.0,False,Other,0.0,none,-0.0084,False,Ratio em queda — sem acumulação,10_49m_range,0.0,0,0.0,32,0,0,0,20260510,0,0,False,False,NOT_APPLICABLE,False
neiro-3,neiro,Neiro,https://coin-images.coingecko.com/coins/images/39488/large/neiro.jpg?1731449567,9.514e-05,40104266,576,40104266,8521293,9.626e-05,9.113e-05,-1.003884498024e-06,-1.04419,-340860.8549596295,-0.84277,420690000000.0,420690000000.0,420690000000.0,0.00301761,-96.83782,2024-11-12T08:05:49.038Z,2.44e-06,3813.27688,2024-08-01T07:00:23.692Z,,2026-05-25T11:14:24.155Z,6.67502507199306,9.202961486973857,early_accumulation,0.9685,False,low,False,0.19561,,-1.2398,,True,False,False,0.2124784680013842,10_49m_range,False,False,"{'short_term': {'has_spike': False, 'momentum_initial': 'low', 'volume_mc_ratio': 0, 'is_candidate': False}, 'medium_term': {'persistence_days': 0, 'volume_recovery_consistent': False, 'volatility_reducing': False, 'is_emerging_leader': False}, 'long_term': {'trend_clear': False, 'sustainable_growth': False, 'consistency_score': 0, 'is_confirmed_leader': False}, 'classification': 'MONITORING'}",MONITORING,"{""should_analyze"": false, ""combined_validation"": ""NOT_APPLICABLE""}",False,0.0,False,Meme,0.0,none,-0.0312,False,Ratio em queda — sem acumulação,10_49m_range,0.0,0,0.0,33,0,0,0,20260502,0,0,False,False,NOT_APPLICABLE,False
