id,symbol,name,image,current_price,market_cap,market_cap_rank,fully_diluted_valuation,total_volume,high_24h,low_24h,price_change_24h,price_change_percentage_24h,market_cap_change_24h,market_cap_change_percentage_24h,circulating_supply,total_supply,max_supply,ath,ath_change_percentage,ath_date,atl,atl_change_percentage,atl_date,roi,last_updated,price_change_percentage_30d_in_currency,price_change_percentage_7d_in_currency,zone,drawdown_pct,price_resilience,is_gold,suspected_wash_trading,momentum,rs_24h,rs_7d,rs_strong_24h,rs_leader_24h,ratio,range,volume_recovery,timeframe_analysis,timeframe_classification,social_analysis,seller_exhaustion,volatility_14d,ratio_surge,sector,accumulation_score,accumulation_signal,accumulation_slope,is_silent_accumulation,accumulation_reason,source_range,quant_score,social_score,final_score,ranking,persistence_count_3d,persistence_count_7d,persistence_count_14d,first_seen,max_persistence_ever,persistence_days,is_confirmed_leader,social_explosion,social_validation,rs_strong,fdv_warning
portal-2,portal,Portal,https://coin-images.coingecko.com/coins/images/35436/large/portal.jpeg?1708590254,0.03739001,30171396,686,37679665.0,408814017,0.04731484,0.01347649,0.02324949,164.41744,18852177.0,166.55016,800734194.0901614,1000000000.0,1000000000.0,3.36,-98.88688,2024-02-29T10:05:01.008Z,0.00734734,408.89144,2026-05-29T07:50:23.475Z,,2026-06-01T11:01:37.933Z,226.21762852616462,337.81928474399604,breakout,0.9889,False,False,False,low,165.97724,,True,True,13.549721630381306,10_49m_range,False,"{'short_term': {'has_spike': False, 'momentum_initial': 'low', 'volume_mc_ratio': 0, 'is_candidate': False}, 'medium_term': {'persistence_days': 0, 'volume_recovery_consistent': False, 'volatility_reducing': False, 'is_emerging_leader': False}, 'long_term': {'trend_clear': False, 'sustainable_growth': False, 'consistency_score': 0, 'is_confirmed_leader': False}, 'classification': 'MONITORING'}",MONITORING,"{""should_analyze"": false, ""combined_validation"": ""NOT_APPLICABLE""}",False,0.0,False,Other,0.0,none,0.0,False,Apenas 0 snapshots (mínimo 3),10_49m_range,1.5,0,0.9,1,0,0,0,20260601,0,0,False,False,NOT_APPLICABLE,True,
stargate-finance,stg,Stargate Finance,https://coin-images.coingecko.com/coins/images/24413/large/STG_LOGO.png?1696523595,0.285073,33383622,634,33383622.0,106262401,0.412279,0.241082,0.04399163,18.2476,5425369.0,19.40525,116969894.40703098,116969894.40703098,1000000000.0,4.14,-93.11579,2022-04-02T00:00:00.000Z,0.104476,172.89357,2025-12-31T19:01:22.813Z,,2026-06-01T11:01:22.421Z,30.23765472629837,68.85637319396562,breakout,0.9311,False,False,False,low,19.807399999999998,,True,True,3.183069859825276,10_49m_range,False,"{'short_term': {'has_spike': False, 'momentum_initial': 'low', 'volume_mc_ratio': 0, 'is_candidate': False}, 'medium_term': {'persistence_days': 0, 'volume_recovery_consistent': False, 'volatility_reducing': False, 'is_emerging_leader': False}, 'long_term': {'trend_clear': False, 'sustainable_growth': False, 'consistency_score': 0, 'is_confirmed_leader': False}, 'classification': 'MONITORING'}",MONITORING,"{""should_analyze"": false, ""combined_validation"": ""NOT_APPLICABLE""}",False,0.0,True,Other,0.313,weak,0.024,False,Sinal fraco: slope=0.0240,10_49m_range,1.5,0,0.9,2,0,0,0,20260510,0,0,False,False,NOT_APPLICABLE,True,
memecoin-2,meme,Memecoin,https://coin-images.coingecko.com/coins/images/32528/large/memecoin_%282%29.png?1698912168,0.00055604,35305845,598,38353934.0,111703580,0.00062964,0.00055426,-4.5031851046479e-05,-7.49193,-2933547.8523140326,-7.67153,63516387916.66666,69000000000.0,69000000000.0,0.056324,-99.01278,2024-03-04T17:30:21.569Z,0.00046386,19.87164,2026-05-28T12:25:43.677Z,,2026-06-01T11:01:23.023Z,-1.2089431049852084,8.317847627033766,breakout,0.9901,False,False,False,low,-5.93213,,False,False,3.1638834872809305,10_49m_range,False,"{'short_term': {'has_spike': False, 'momentum_initial': 'low', 'volume_mc_ratio': 0, 'is_candidate': False}, 'medium_term': {'persistence_days': 0, 'volume_recovery_consistent': False, 'volatility_reducing': False, 'is_emerging_leader': False}, 'long_term': {'trend_clear': False, 'sustainable_growth': False, 'consistency_score': 0, 'is_confirmed_leader': False}, 'classification': 'MONITORING'}",MONITORING,"{""should_analyze"": false, ""combined_validation"": ""NOT_APPLICABLE""}",False,0.0,False,Other,0.388,weak,0.2279,False,Sinal fraco: slope=0.2279,10_49m_range,1.5,0,0.9,3,0,0,0,20260503,0,0,False,False,NOT_APPLICABLE,False,
stratis,strax,Xertra,https://coin-images.coingecko.com/coins/images/531/large/Xertra_Logo_200x200.png?1761277005,0.01368031,29687608,698,29687608.0,39123565,0.01856625,0.01336019,-0.002728143604828157,-16.62645,-6436356.407917537,-17.81741,2170964864.80032,2170964864.80032,,22.77,-99.94001,2018-01-08T00:00:00.000Z,0.01086795,25.66698,2026-05-28T04:30:47.344Z,,2026-06-01T11:01:24.390Z,5.111269532335871,10.40795933406197,breakout,0.9994,False,False,False,low,-15.06665,,False,False,1.317841605830958,10_49m_range,False,"{'short_term': {'has_spike': False, 'momentum_initial': 'low', 'volume_mc_ratio': 0, 'is_candidate': False}, 'medium_term': {'persistence_days': 0, 'volume_recovery_consistent': False, 'volatility_reducing': False, 'is_emerging_leader': False}, 'long_term': {'trend_clear': False, 'sustainable_growth': False, 'consistency_score': 0, 'is_confirmed_leader': False}, 'classification': 'MONITORING'}",MONITORING,"{""should_analyze"": false, ""combined_validation"": ""NOT_APPLICABLE""}",False,0.0,False,Other,0.0,none,0.0,False,Apenas 1 snapshots (mínimo 3),10_49m_range,1.5,0,0.9,4,0,0,0,20260531,0,0,False,False,NOT_APPLICABLE,False,
giggle-fund,giggle,Giggle Fund,https://coin-images.coingecko.com/coins/images/69414/large/giggle-fund.jpg?1758541887,31.94,31991354,656,31991354.0,29560172,34.49,31.24,0.335622,1.06199,277379.0,0.87463,1000000.0,1000000.0,1000000.0,274.54,-88.30464,2025-10-25T04:05:48.420Z,8.64,271.53121,2025-09-25T16:01:24.440Z,,2026-06-01T11:01:26.198Z,7.289673241186521,3.0392748495654374,strong,0.8837,False,False,False,low,2.62179,,True,True,0.9240050296089375,10_49m_range,False,"{'short_term': {'has_spike': False, 'momentum_initial': 'low', 'volume_mc_ratio': 0, 'is_candidate': False}, 'medium_term': {'persistence_days': 0, 'volume_recovery_consistent': False, 'volatility_reducing': False, 'is_emerging_leader': False}, 'long_term': {'trend_clear': False, 'sustainable_growth': False, 'consistency_score': 0, 'is_confirmed_leader': False}, 'classification': 'MONITORING'}",MONITORING,"{""should_analyze"": false, ""combined_validation"": ""NOT_APPLICABLE""}",False,0.0,False,Other,0.0,none,-0.0353,False,Ratio em queda — sem acumulação,10_49m_range,1.0,0,0.6,5,0,0,0,20260504,0,0,False,False,NOT_APPLICABLE,True,
dogs-2,dogs,Dogs,https://coin-images.coingecko.com/coins/images/39699/large/dogs_logo_200x200.png?1723687163,4.895e-05,25296257,773,26923931.0,21665319,5.172e-05,4.804e-05,7.84442e-07,1.62855,384863.0,1.54493,516750000000.0,550000000000.0,550000000000.0,0.00163299,-97.00239,2024-08-28T10:10:46.492Z,2.375e-05,106.10494,2026-02-28T12:15:13.471Z,,2026-06-01T11:02:44.169Z,52.175214289610814,-4.703891354819472,strong,0.97,False,False,False,low,3.18835,,True,True,0.8564634285617829,10_49m_range,False,"{'short_term': {'has_spike': False, 'momentum_initial': 'low', 'volume_mc_ratio': 0, 'is_candidate': False}, 'medium_term': {'persistence_days': 0, 'volume_recovery_consistent': False, 'volatility_reducing': False, 'is_emerging_leader': False}, 'long_term': {'trend_clear': False, 'sustainable_growth': False, 'consistency_score': 0, 'is_confirmed_leader': False}, 'classification': 'MONITORING'}",MONITORING,"{""should_analyze"": false, ""combined_validation"": ""NOT_APPLICABLE""}",False,0.0,False,Meme,0.0,none,-0.1008,False,Ratio em queda — sem acumulação,10_49m_range,1.0,0,0.6,6,0,0,0,20260502,0,0,False,False,NOT_APPLICABLE,True,
liquity,lqty,Liquity,https://coin-images.coingecko.com/coins/images/14665/large/logo_V2.png?1725437146,0.275285,27137593,734,27489027.0,19121932,0.28457,0.252407,0.01541175,5.93049,1482577.0,5.7789,98721549.59226994,100000000.0,100000000.0,146.94,-99.81295,2021-04-05T21:48:37.754Z,0.232273,18.33504,2026-05-28T12:26:04.205Z,,2026-06-01T11:01:21.442Z,-10.19599895816973,9.20845407708067,strong,0.9981,False,False,False,low,7.49029,,True,True,0.7046288887890684,10_49m_range,False,"{'short_term': {'has_spike': False, 'momentum_initial': 'low', 'volume_mc_ratio': 0, 'is_candidate': False}, 'medium_term': {'persistence_days': 0, 'volume_recovery_consistent': False, 'volatility_reducing': False, 'is_emerging_leader': False}, 'long_term': {'trend_clear': False, 'sustainable_growth': False, 'consistency_score': 0, 'is_confirmed_leader': False}, 'classification': 'MONITORING'}",MONITORING,"{""should_analyze"": false, ""combined_validation"": ""NOT_APPLICABLE""}",False,0.0,False,Other,0.0,none,-0.0147,False,Ratio em queda — sem acumulação,10_49m_range,1.0,0,0.6,7,0,0,0,20260517,0,0,False,False,NOT_APPLICABLE,True,
ondo-u-s-dollar-token,usdon,Ondo U.S. Dollar Token,https://coin-images.coingecko.com/coins/images/68688/large/usdon_160x160.png?1756268513,1.0,60436511,428,60436511.0,31323776,1.0,1.0,0.0,0.0,-5547780.282997966,-8.40773,60436510.67159466,60436510.67159466,,1.0,0.0,2025-08-27T08:45:01.644Z,1.0,0.0,2025-08-27T08:45:01.644Z,,2026-06-01T11:01:26.332Z,0.0,0.0,strong,0.0,False,False,False,low,1.5598,,False,False,0.5182922621062622,50m_range,False,"{'short_term': {'has_spike': False, 'momentum_initial': 'low', 'volume_mc_ratio': 0, 'is_candidate': False}, 'medium_term': {'persistence_days': 0, 'volume_recovery_consistent': False, 'volatility_reducing': False, 'is_emerging_leader': False}, 'long_term': {'trend_clear': False, 'sustainable_growth': False, 'consistency_score': 0, 'is_confirmed_leader': False}, 'classification': 'MONITORING'}",MONITORING,"{""should_analyze"": false, ""combined_validation"": ""NOT_APPLICABLE""}",False,0.0,False,Other,0.334,weak,0.0168,False,Sinal fraco: slope=0.0168,50m_range,0.5,0,0.3,1,0,0,0,20260506,0,0,False,False,NOT_APPLICABLE,False,
mantra,mantra,MANTRA,https://coin-images.coingecko.com/coins/images/102172151/large/OM_Token_Primary-1K.png?1771922964,0.00831206,42832568,536,59800232.0,26540789,0.01007802,0.00825556,-0.000249934611546307,-2.91912,-1261734.0033567846,-2.86144,5160330914.080288,7204540778.160516,10000000000.0,0.0262739,-68.5758,2026-03-04T14:10:54.284Z,0.00790434,4.45349,2026-05-28T14:06:00.773Z,,2026-06-01T11:01:38.957Z,-24.523958099948725,-11.139850641248431,strong,0.6836,False,False,False,low,-1.3593199999999999,,False,False,0.6196403867262873,10_49m_range,False,"{'short_term': {'has_spike': False, 'momentum_initial': 'low', 'volume_mc_ratio': 0, 'is_candidate': False}, 'medium_term': {'persistence_days': 0, 'volume_recovery_consistent': False, 'volatility_reducing': False, 'is_emerging_leader': False}, 'long_term': {'trend_clear': False, 'sustainable_growth': False, 'consistency_score': 0, 'is_confirmed_leader': False}, 'classification': 'MONITORING'}",MONITORING,"{""should_analyze"": false, ""combined_validation"": ""NOT_APPLICABLE""}",False,0.0,False,Other,0.65,strong,0.1959,True,"Acumulação silenciosa: slope=0.1959, consistência=100%",10_49m_range,0.5,0,0.3,8,0,0,0,20260509,0,0,False,False,NOT_APPLICABLE,False,True
pha,pha,PHALA,https://coin-images.coingecko.com/coins/images/12451/large/phala.png?1696512270,0.03803962,31930185,660,38040817.0,18816965,0.04097608,0.03694886,-0.002873257378564323,-7.02287,-2409418.9506149516,-7.01644,839366423.794726,1000000000.0,1000000000.0,1.39,-97.26438,2021-05-15T04:20:32.741Z,0.02120268,79.4253,2026-03-01T20:41:27.308Z,,2026-06-01T11:01:21.077Z,15.655038319927714,-6.867563861171447,strong,0.9726,False,False,False,low,-5.46307,,False,False,0.5893158777501603,10_49m_range,False,"{'short_term': {'has_spike': False, 'momentum_initial': 'low', 'volume_mc_ratio': 0, 'is_candidate': False}, 'medium_term': {'persistence_days': 0, 'volume_recovery_consistent': False, 'volatility_reducing': False, 'is_emerging_leader': False}, 'long_term': {'trend_clear': False, 'sustainable_growth': False, 'consistency_score': 0, 'is_confirmed_leader': False}, 'classification': 'MONITORING'}",MONITORING,"{""should_analyze"": false, ""combined_validation"": ""NOT_APPLICABLE""}",False,0.0,False,Other,0.334,weak,0.0687,False,Sinal fraco: slope=0.0687,10_49m_range,0.5,0,0.3,9,0,0,0,20260510,0,0,False,False,NOT_APPLICABLE,False,
wormhole,w,Wormhole,https://coin-images.coingecko.com/coins/images/35087/large/W_Token_%283%29.png?1758122686,0.01238732,73741251,365,123880682.0,29789018,0.01357162,0.01141849,0.00072021,6.17298,4575542.0,6.61533,5952602917.0,10000000000.0,10000000000.0,1.66,-99.25943,2024-04-03T11:46:35.308Z,0.01107163,10.88319,2026-05-28T15:25:24.494Z,,2026-06-01T11:01:23.435Z,-3.6977152407498046,-0.3995461203527486,early_accumulation,0.9925,False,False,False,low,7.73278,,True,True,0.40396681092377995,50m_range,False,"{'short_term': {'has_spike': False, 'momentum_initial': 'low', 'volume_mc_ratio': 0, 'is_candidate': False}, 'medium_term': {'persistence_days': 0, 'volume_recovery_consistent': False, 'volatility_reducing': False, 'is_emerging_leader': False}, 'long_term': {'trend_clear': False, 'sustainable_growth': False, 'consistency_score': 0, 'is_confirmed_leader': False}, 'classification': 'MONITORING'}",MONITORING,"{""should_analyze"": false, ""combined_validation"": ""NOT_APPLICABLE""}",False,0.013493755559470062,False,Other,0.0,none,-0.0262,False,Ratio em queda — sem acumulação,50m_range,0.0,0,0.0,2,0,0,0,20260509,0,0,False,False,NOT_APPLICABLE,True,True
sushi,sushi,Sushi,https://coin-images.coingecko.com/coins/images/12271/large/512x512_Logo_no_chop.png?1696512101,0.204374,55783958,455,59564528.0,18773837,0.211986,0.190721,0.00932858,4.78278,2573278.0,4.83602,273012266.12632084,291514753.9009228,,23.38,-99.1267,2021-03-13T23:44:36.774Z,0.176242,15.8326,2026-02-06T00:25:56.686Z,,2026-06-01T11:01:21.162Z,-9.229429934851026,-0.13517770445713428,early_accumulation,0.9913,False,False,False,low,6.34258,,True,True,0.3365454455562296,50m_range,False,"{'short_term': {'has_spike': False, 'momentum_initial': 'low', 'volume_mc_ratio': 0, 'is_candidate': False}, 'medium_term': {'persistence_days': 0, 'volume_recovery_consistent': False, 'volatility_reducing': False, 'is_emerging_leader': False}, 'long_term': {'trend_clear': False, 'sustainable_growth': False, 'consistency_score': 0, 'is_confirmed_leader': False}, 'classification': 'MONITORING'}",MONITORING,"{""should_analyze"": false, ""combined_validation"": ""NOT_APPLICABLE""}",False,0.027401890991467535,False,DeFi,0.0,none,-0.0043,False,Ratio em queda — sem acumulação,50m_range,0.0,0,0.0,3,0,0,0,20260509,0,0,False,False,NOT_APPLICABLE,True,
ordinals,ordi,ORDI,https://coin-images.coingecko.com/coins/images/30162/large/ordi.png?1696529082,3.62,75824458,350,75824458.0,25275025,3.71,3.3,0.199845,5.84787,4212464.0,5.88234,21000000.0,21000000.0,,95.52,-96.2132,2024-03-05T01:45:22.816Z,2.12,70.53768,2026-03-29T22:55:07.807Z,,2026-06-01T11:01:22.946Z,-21.88363432558448,-9.894429474757121,early_accumulation,0.9621,False,False,False,low,7.40767,,True,True,0.3333360457386982,50m_range,False,"{'short_term': {'has_spike': False, 'momentum_initial': 'low', 'volume_mc_ratio': 0, 'is_candidate': False}, 'medium_term': {'persistence_days': 0, 'volume_recovery_consistent': False, 'volatility_reducing': False, 'is_emerging_leader': False}, 'long_term': {'trend_clear': False, 'sustainable_growth': False, 'consistency_score': 0, 'is_confirmed_leader': False}, 'classification': 'MONITORING'}",MONITORING,"{""should_analyze"": false, ""combined_validation"": ""NOT_APPLICABLE""}",False,0.053642973864498504,False,Other,0.0,none,-0.008,False,Ratio em queda — sem acumulação,50m_range,0.0,0,0.0,4,0,0,0,20260512,0,0,False,False,NOT_APPLICABLE,True,
bio-protocol,bio,Bio Protocol,https://coin-images.coingecko.com/coins/images/53022/large/bio.jpg?1735011002,0.03042891,65158217,401,100849579.0,21351493,0.03155717,0.02907292,0.00048603,1.62318,1030972.0,1.6077,2145029070.25,3320000000.0,3320000000.0,0.888995,-96.59383,2025-01-03T13:16:10.915Z,0.01589991,90.44575,2026-03-29T22:55:40.552Z,,2026-06-01T11:01:24.921Z,-40.706625566516344,-11.537112108139183,early_accumulation,0.9658,False,False,False,low,3.18298,,True,True,0.32768688253087097,50m_range,False,"{'short_term': {'has_spike': False, 'momentum_initial': 'low', 'volume_mc_ratio': 0, 'is_candidate': False}, 'medium_term': {'persistence_days': 0, 'volume_recovery_consistent': False, 'volatility_reducing': False, 'is_emerging_leader': False}, 'long_term': {'trend_clear': False, 'sustainable_growth': False, 'consistency_score': 0, 'is_confirmed_leader': False}, 'classification': 'MONITORING'}",MONITORING,"{""should_analyze"": false, ""combined_validation"": ""NOT_APPLICABLE""}",False,0.0,False,Other,0.0,none,-0.0259,False,Ratio em queda — sem acumulação,50m_range,0.0,0,0.0,5,0,0,0,20260513,0,0,False,False,NOT_APPLICABLE,True,True
zilliqa,zil,Zilliqa,https://coin-images.coingecko.com/coins/images/2687/large/Zilliqa-logo.png?1696503475,0.00376544,73469579,367,77068709.0,21942266,0.00386948,0.00373026,-4.2558962945186e-05,-1.11762,-630066.1972137392,-0.8503,19513551525.0,20469481941.1345,21000000000.0,0.255376,-98.52566,2021-05-06T17:33:45.940Z,0.00239616,57.13117,2020-03-13T02:22:55.161Z,"{'times': -0.7757415127252405, 'currency': 'eth', 'percentage': -77.57415127252405}",2026-06-01T11:01:22.454Z,-6.421534198781416,-3.847065014971961,early_accumulation,0.9853,False,False,False,low,0.44218,,False,False,0.2986578431325978,50m_range,False,"{'short_term': {'has_spike': False, 'momentum_initial': 'low', 'volume_mc_ratio': 0, 'is_candidate': False}, 'medium_term': {'persistence_days': 0, 'volume_recovery_consistent': False, 'volatility_reducing': False, 'is_emerging_leader': False}, 'long_term': {'trend_clear': False, 'sustainable_growth': False, 'consistency_score': 0, 'is_confirmed_leader': False}, 'classification': 'MONITORING'}",MONITORING,"{""should_analyze"": false, ""combined_validation"": ""NOT_APPLICABLE""}",False,0.0,False,Other,0.0,none,0.0,False,Apenas 1 snapshots (mínimo 3),50m_range,0.0,0,0.0,6,0,0,0,20260531,0,0,False,False,NOT_APPLICABLE,False,
peanut-the-squirrel,pnut,Peanut the Squirrel,https://coin-images.coingecko.com/coins/images/51301/large/Peanut_the_Squirrel.png?1734941241,0.052527,52501968,473,52501968.0,13199441,0.055262,0.050976,-5.9680351626637e-05,-0.11349,52707.0,0.10049,999842026.365081,999842026.365081,1000000000.0,2.44,-97.85587,2024-11-14T01:20:47.489Z,0.03187374,63.915,2024-11-04T21:41:11.808Z,,2026-06-01T11:01:24.555Z,-6.553530195121773,-3.7670697679023633,early_accumulation,0.9785,False,False,False,low,1.44631,,False,False,0.25140849958233946,50m_range,False,"{'short_term': {'has_spike': False, 'momentum_initial': 'low', 'volume_mc_ratio': 0, 'is_candidate': False}, 'medium_term': {'persistence_days': 0, 'volume_recovery_consistent': False, 'volatility_reducing': False, 'is_emerging_leader': False}, 'long_term': {'trend_clear': False, 'sustainable_growth': False, 'consistency_score': 0, 'is_confirmed_leader': False}, 'classification': 'MONITORING'}",MONITORING,"{""should_analyze"": false, ""combined_validation"": ""NOT_APPLICABLE""}",False,0.0,False,Other,0.0,none,-0.0084,False,Ratio em queda — sem acumulação,50m_range,0.0,0,0.0,7,0,0,0,20260509,0,0,False,False,NOT_APPLICABLE,False,
based-brett,brett,Brett,https://coin-images.coingecko.com/coins/images/35529/large/1000050750.png?1709031995,0.00663473,65756681,396,65756681.0,15925996,0.00689147,0.00659296,-0.000180150005590456,-2.64348,-1036705.8738796785,-1.55211,9909606531.25852,9909606531.25852,9999998988.0,0.234204,-97.18115,2024-12-01T16:31:18.357Z,0.00084753,678.95605,2024-02-29T08:40:24.951Z,,2026-06-01T11:01:24.015Z,-13.552732817454155,-7.9127753230161675,early_accumulation,0.9717,False,False,False,low,-1.0836799999999998,,False,False,0.242195861436498,50m_range,False,"{'short_term': {'has_spike': False, 'momentum_initial': 'low', 'volume_mc_ratio': 0, 'is_candidate': False}, 'medium_term': {'persistence_days': 0, 'volume_recovery_consistent': False, 'volatility_reducing': False, 'is_emerging_leader': False}, 'long_term': {'trend_clear': False, 'sustainable_growth': False, 'consistency_score': 0, 'is_confirmed_leader': False}, 'classification': 'MONITORING'}",MONITORING,"{""should_analyze"": false, ""combined_validation"": ""NOT_APPLICABLE""}",False,0.0,False,Meme,0.0,none,-0.0127,False,Ratio em queda — sem acumulação,50m_range,0.0,0,0.0,8,0,0,0,20260510,0,0,False,False,NOT_APPLICABLE,False,
enjincoin,enj,Enjin Coin,https://coin-images.coingecko.com/coins/images/1102/large/Symbol_Only_-_Purple.png?1709725966,0.03773288,74375121,360,75248841.0,16191545,0.04085137,0.03760998,-0.002191778580880877,-5.48979,-4135170.4062102884,-5.26704,1970883385.153727,1994036285.203798,,4.82,-99.21698,2021-11-25T09:53:41.955Z,0.01740499,116.81462,2026-03-08T06:25:21.982Z,,2026-06-01T11:01:21.661Z,-32.631582770833454,-7.002694428650255,early_accumulation,0.9922,False,False,False,low,-3.92999,,False,False,0.21770109120225833,50m_range,False,"{'short_term': {'has_spike': False, 'momentum_initial': 'low', 'volume_mc_ratio': 0, 'is_candidate': False}, 'medium_term': {'persistence_days': 0, 'volume_recovery_consistent': False, 'volatility_reducing': False, 'is_emerging_leader': False}, 'long_term': {'trend_clear': False, 'sustainable_growth': False, 'consistency_score': 0, 'is_confirmed_leader': False}, 'classification': 'MONITORING'}",MONITORING,"{""should_analyze"": false, ""combined_validation"": ""NOT_APPLICABLE""}",False,0.0,False,Gaming,0.65,strong,0.3613,True,"Acumulação silenciosa: slope=0.3613, consistência=100%",50m_range,0.0,0,0.0,9,0,0,0,20260512,0,0,False,False,NOT_APPLICABLE,False,
doodles,dood,Doodles,https://coin-images.coingecko.com/coins/images/54399/large/dood.png?1774374789,0.00217396,16958359,954,21741486.0,8255553,0.00222843,0.00213259,-2.9572104937105e-05,-1.34203,-194695.38563131914,-1.13505,7800000000.0,10000000000.0,10000000000.0,0.01753469,-87.60262,2025-10-07T05:09:59.361Z,0.00204546,6.27631,2025-06-22T20:27:29.397Z,,2026-06-01T11:02:44.832Z,-31.11820352886291,-17.59963346140816,early_accumulation,0.876,False,False,False,low,0.21777000000000002,,False,False,0.4868131993195804,10_49m_range,False,"{'short_term': {'has_spike': False, 'momentum_initial': 'low', 'volume_mc_ratio': 0, 'is_candidate': False}, 'medium_term': {'persistence_days': 0, 'volume_recovery_consistent': False, 'volatility_reducing': False, 'is_emerging_leader': False}, 'long_term': {'trend_clear': False, 'sustainable_growth': False, 'consistency_score': 0, 'is_confirmed_leader': False}, 'classification': 'MONITORING'}",MONITORING,"{""should_analyze"": false, ""combined_validation"": ""NOT_APPLICABLE""}",False,0.0,False,Other,0.287,weak,0.0007,False,Sinal fraco: slope=0.0007,10_49m_range,0.0,0,0.0,10,0,0,0,20260510,0,0,False,False,NOT_APPLICABLE,False,
bonfida,fida,Bonfida,https://coin-images.coingecko.com/coins/images/13395/large/bonfida.png?1696513157,0.02345951,23252445,801,23252445.0,10476150,0.02569909,0.02340153,-0.001247193895378428,-5.048,-1229692.8544922173,-5.02282,990910767.255032,990910767.255032,1000000000.0,18.77,-99.875,2021-11-03T20:34:33.492Z,0.01221703,92.08198,2026-03-29T22:50:36.078Z,,2026-06-01T11:02:41.911Z,39.47301821973877,-35.597712647586164,early_accumulation,0.9988,False,False,False,low,-3.4882,,False,False,0.4505397174361664,10_49m_range,False,"{'short_term': {'has_spike': False, 'momentum_initial': 'low', 'volume_mc_ratio': 0, 'is_candidate': False}, 'medium_term': {'persistence_days': 0, 'volume_recovery_consistent': False, 'volatility_reducing': False, 'is_emerging_leader': False}, 'long_term': {'trend_clear': False, 'sustainable_growth': False, 'consistency_score': 0, 'is_confirmed_leader': False}, 'classification': 'MONITORING'}",MONITORING,"{""should_analyze"": false, ""combined_validation"": ""NOT_APPLICABLE""}",False,0.0,False,Other,0.0,none,-0.0427,False,Ratio em queda — sem acumulação,10_49m_range,0.0,0,0.0,11,0,0,0,20260506,0,0,False,False,NOT_APPLICABLE,False,
degen-base,degen,Degen,https://coin-images.coingecko.com/coins/images/34515/large/android-chrome-512x512.png?1706198225,0.00099076,36788805,578,36788805.0,16444211,0.00115133,0.00085313,0.00013763,16.13256,5435884.0,17.33773,36965730333.0,36965730333.0,,0.064543,-98.46497,2024-03-31T20:22:27.147Z,2.255e-05,4293.34016,2024-01-15T05:47:46.931Z,,2026-06-01T11:01:23.224Z,47.298919190744044,9.819818033513137,early_accumulation,0.9846,False,False,False,low,17.69236,,True,True,0.4469895393449176,10_49m_range,False,"{'short_term': {'has_spike': False, 'momentum_initial': 'low', 'volume_mc_ratio': 0, 'is_candidate': False}, 'medium_term': {'persistence_days': 0, 'volume_recovery_consistent': False, 'volatility_reducing': False, 'is_emerging_leader': False}, 'long_term': {'trend_clear': False, 'sustainable_growth': False, 'consistency_score': 0, 'is_confirmed_leader': False}, 'classification': 'MONITORING'}",MONITORING,"{""should_analyze"": false, ""combined_validation"": ""NOT_APPLICABLE""}",False,0.0,False,Other,0.0,none,-0.0758,False,Ratio em queda — sem acumulação,10_49m_range,0.0,0,0.0,12,0,0,0,20260514,0,0,False,False,NOT_APPLICABLE,True,
chaingpt,cgpt,ChainGPT,https://coin-images.coingecko.com/coins/images/29306/large/200x200.png?1696528257,0.02395642,22124508,825,23836600.0,9243226,0.0273121,0.02380503,-0.001938210425410522,-7.48499,-1933973.5466313325,-8.03864,926100676.0,997766421.0,1000000000.0,0.555799,-95.69155,2024-03-12T12:05:22.099Z,0.01776651,34.78341,2026-03-29T22:52:01.786Z,,2026-06-01T11:02:42.987Z,-18.33890639990332,-3.0605892217430077,early_accumulation,0.9569,False,False,False,low,-5.92519,,False,False,0.4177822168972074,10_49m_range,False,"{'short_term': {'has_spike': False, 'momentum_initial': 'low', 'volume_mc_ratio': 0, 'is_candidate': False}, 'medium_term': {'persistence_days': 0, 'volume_recovery_consistent': False, 'volatility_reducing': False, 'is_emerging_leader': False}, 'long_term': {'trend_clear': False, 'sustainable_growth': False, 'consistency_score': 0, 'is_confirmed_leader': False}, 'classification': 'MONITORING'}",MONITORING,"{""should_analyze"": false, ""combined_validation"": ""NOT_APPLICABLE""}",False,0.0,False,Other,0.0,none,-0.0192,False,Ratio em queda — sem acumulação,10_49m_range,0.0,0,0.0,13,0,0,0,20260511,0,0,False,False,NOT_APPLICABLE,False,
hive,hive,Hive,https://coin-images.coingecko.com/coins/images/10840/large/logo_transparent_4x.png?1696510797,0.061362,33700074,630,,13624247,0.071636,0.060858,-0.007821574939952752,-11.30561,-4406845.785425909,-11.56442,547802435.004,,,3.41,-98.19714,2021-11-26T01:46:11.175Z,0.055374,10.94976,2026-03-31T10:00:47.615Z,,2026-06-01T11:01:20.908Z,2.7153013558480876,-1.3453284799336476,early_accumulation,0.982,False,False,False,low,-9.745809999999999,,False,False,0.4042794386742296,10_49m_range,False,"{'short_term': {'has_spike': False, 'momentum_initial': 'low', 'volume_mc_ratio': 0, 'is_candidate': False}, 'medium_term': {'persistence_days': 0, 'volume_recovery_consistent': False, 'volatility_reducing': False, 'is_emerging_leader': False}, 'long_term': {'trend_clear': False, 'sustainable_growth': False, 'consistency_score': 0, 'is_confirmed_leader': False}, 'classification': 'MONITORING'}",MONITORING,"{""should_analyze"": false, ""combined_validation"": ""NOT_APPLICABLE""}",False,0.0,False,Other,0.8,very_strong,0.0877,True,"Acumulação silenciosa FORTE: slope=0.0877, consistência=60%, aceleração=211%",10_49m_range,0.0,0,0.0,14,0,0,0,20260504,0,0,False,False,NOT_APPLICABLE,False,
aixbt,aixbt,aixbt,https://coin-images.coingecko.com/coins/images/51784/large/3.png?1731981138,0.02810204,27940141,725,28090187.0,11268186,0.0297376,0.02745494,-0.000348112826163371,-1.22359,-333994.84762435034,-1.18127,994658423.1010208,1000000000.0,1000000000.0,0.942578,-97.03854,2025-01-16T11:56:02.862Z,0.01797721,55.27475,2026-02-23T01:30:43.221Z,,2026-06-01T11:01:24.819Z,-8.107575503184048,-3.5187721453328926,early_accumulation,0.9702,False,False,False,low,0.3362100000000001,,False,False,0.40329739209261684,10_49m_range,False,"{'short_term': {'has_spike': False, 'momentum_initial': 'low', 'volume_mc_ratio': 0, 'is_candidate': False}, 'medium_term': {'persistence_days': 0, 'volume_recovery_consistent': False, 'volatility_reducing': False, 'is_emerging_leader': False}, 'long_term': {'trend_clear': False, 'sustainable_growth': False, 'consistency_score': 0, 'is_confirmed_leader': False}, 'classification': 'MONITORING'}",MONITORING,"{""should_analyze"": false, ""combined_validation"": ""NOT_APPLICABLE""}",False,0.0,False,AI,0.0,none,-0.0002,False,Ratio em queda — sem acumulação,10_49m_range,0.0,0,0.0,15,0,0,0,20260502,0,0,False,False,NOT_APPLICABLE,False,
test-3,tst,Test,https://coin-images.coingecko.com/coins/images/54274/large/Test.png?1738997629,0.01824441,17190695,947,17190695.0,6270501,0.01871735,0.01787055,9.572e-05,0.52741,132256.0,0.77531,942230397.1986927,942230397.1986927,1000000000.0,0.511293,-96.43202,2025-02-09T09:09:52.387Z,0.00783528,132.82953,2026-03-29T22:56:25.457Z,,2026-06-01T11:02:44.864Z,71.31759194003715,2.670949457469338,early_accumulation,0.9643,False,False,False,low,2.0872100000000002,,True,True,0.3647613432732068,10_49m_range,False,"{'short_term': {'has_spike': False, 'momentum_initial': 'low', 'volume_mc_ratio': 0, 'is_candidate': False}, 'medium_term': {'persistence_days': 0, 'volume_recovery_consistent': False, 'volatility_reducing': False, 'is_emerging_leader': False}, 'long_term': {'trend_clear': False, 'sustainable_growth': False, 'consistency_score': 0, 'is_confirmed_leader': False}, 'classification': 'MONITORING'}",MONITORING,"{""should_analyze"": false, ""combined_validation"": ""NOT_APPLICABLE""}",False,0.0,False,Other,0.0,none,-0.0212,False,Ratio em queda — sem acumulação,10_49m_range,0.0,0,0.0,16,0,0,0,20260506,0,0,False,False,NOT_APPLICABLE,True,
vine,vine,Vine,https://coin-images.coingecko.com/coins/images/53859/large/vine.jpg?1737613523,0.01515255,15247699,997,15247699.0,5476704,0.01594436,0.01511762,-0.000592158825731541,-3.761,-500755.0737098027,-3.17971,999969114.455375,999969114.455375,1000000000.0,0.469941,-96.77623,2025-01-26T10:00:27.525Z,0.01447873,4.63492,2026-04-28T10:55:44.220Z,,2026-06-01T11:02:44.737Z,-1.7850649349596348,-14.75501315352692,early_accumulation,0.9678,False,False,False,low,-2.2012,,False,False,0.3591823264611926,10_49m_range,False,"{'short_term': {'has_spike': False, 'momentum_initial': 'low', 'volume_mc_ratio': 0, 'is_candidate': False}, 'medium_term': {'persistence_days': 0, 'volume_recovery_consistent': False, 'volatility_reducing': False, 'is_emerging_leader': False}, 'long_term': {'trend_clear': False, 'sustainable_growth': False, 'consistency_score': 0, 'is_confirmed_leader': False}, 'classification': 'MONITORING'}",MONITORING,"{""should_analyze"": false, ""combined_validation"": ""NOT_APPLICABLE""}",False,0.0,False,Meme,0.0,none,-0.0139,False,Ratio em queda — sem acumulação,10_49m_range,0.0,0,0.0,17,0,0,0,20260502,0,0,False,False,NOT_APPLICABLE,False,
aevo-exchange,aevo,Aevo,https://coin-images.coingecko.com/coins/images/35893/large/aevo.png?1710138340,0.02417534,22171868,824,24175612.0,7438289,0.02579378,0.02408466,-0.000887995286863247,-3.54301,-671274.152005244,-2.93862,917117137.7203587,1000000000.0,1000000000.0,3.76,-99.35646,2024-03-28T00:05:46.673Z,0.02078552,16.30204,2026-03-29T22:52:01.183Z,,2026-06-01T11:02:47.338Z,-11.911821430483538,-4.966792446538822,early_accumulation,0.9936,False,False,False,low,-1.9832100000000001,,False,False,0.33548318977904795,10_49m_range,False,"{'short_term': {'has_spike': False, 'momentum_initial': 'low', 'volume_mc_ratio': 0, 'is_candidate': False}, 'medium_term': {'persistence_days': 0, 'volume_recovery_consistent': False, 'volatility_reducing': False, 'is_emerging_leader': False}, 'long_term': {'trend_clear': False, 'sustainable_growth': False, 'consistency_score': 0, 'is_confirmed_leader': False}, 'classification': 'MONITORING'}",MONITORING,"{""should_analyze"": false, ""combined_validation"": ""NOT_APPLICABLE""}",False,0.0,False,Other,0.0,none,-0.0086,False,Ratio em queda — sem acumulação,10_49m_range,0.0,0,0.0,18,0,0,0,20260510,0,0,False,False,NOT_APPLICABLE,False,
terra-luna-2,luna,Terra,https://coin-images.coingecko.com/coins/images/25767/large/01_Luna_color.png?1696524851,0.060827,43216097,530,72233762.0,13793679,0.06256,0.060019,6.099e-05,0.10037,70862.0,0.16424,709984438.91686,1186707049.0,,18.87,-99.67765,2022-05-28T09:18:14.847Z,0.04580672,32.79504,2025-10-10T21:26:52.228Z,,2026-06-01T11:01:22.447Z,-11.130580926543386,-1.2982941981818081,early_accumulation,0.9968,False,False,False,low,1.6601700000000001,,False,True,0.3191791938082701,10_49m_range,False,"{'short_term': {'has_spike': False, 'momentum_initial': 'low', 'volume_mc_ratio': 0, 'is_candidate': False}, 'medium_term': {'persistence_days': 0, 'volume_recovery_consistent': False, 'volatility_reducing': False, 'is_emerging_leader': False}, 'long_term': {'trend_clear': False, 'sustainable_growth': False, 'consistency_score': 0, 'is_confirmed_leader': False}, 'classification': 'MONITORING'}",MONITORING,"{""should_analyze"": false, ""combined_validation"": ""NOT_APPLICABLE""}",False,0.0,False,DeFi,0.0,none,-0.0199,False,Ratio em queda — sem acumulação,10_49m_range,0.0,0,0.0,19,0,0,0,20260503,0,0,False,False,NOT_APPLICABLE,False,True
xai-blockchain,xai,Xai,https://coin-images.coingecko.com/coins/images/34258/large/round_icon_2048_px.png?1719523838,0.00993507,20510638,858,21926739.0,6425640,0.01021845,0.00947206,0.00020409,2.09733,459216.0,2.29019,2060059491.8940728,2202290679.544695,2500000000.0,1.59,-99.37507,2024-02-25T16:20:31.509Z,0.00878089,13.14302,2026-02-28T10:10:18.964Z,,2026-06-01T11:02:43.701Z,-8.718354466265236,-2.4336328270552223,early_accumulation,0.9938,False,False,False,low,3.65713,,True,True,0.313283282558056,10_49m_range,False,"{'short_term': {'has_spike': False, 'momentum_initial': 'low', 'volume_mc_ratio': 0, 'is_candidate': False}, 'medium_term': {'persistence_days': 0, 'volume_recovery_consistent': False, 'volatility_reducing': False, 'is_emerging_leader': False}, 'long_term': {'trend_clear': False, 'sustainable_growth': False, 'consistency_score': 0, 'is_confirmed_leader': False}, 'classification': 'MONITORING'}",MONITORING,"{""should_analyze"": false, ""combined_validation"": ""NOT_APPLICABLE""}",False,0.0,False,Other,0.0,none,-0.0057,False,Ratio em queda — sem acumulação,10_49m_range,0.0,0,0.0,20,0,0,0,20260510,0,0,False,False,NOT_APPLICABLE,True,
coinmarketcap-20-index-dtf,cmc20,CoinMarketCap 20 Index DTF,https://coin-images.coingecko.com/coins/images/71188/large/cmc20.png?1766223823,147.45,14782201,1008,14782201.0,4550948,150.4,146.41,-2.5542904255902954,-1.7028,-289983.4549677763,-1.92396,100315.3690030815,100315.3690030815,,205.92,-28.39224,2026-01-14T17:30:49.345Z,122.88,19.99506,2026-02-06T00:25:16.415Z,,2026-06-01T11:02:46.510Z,-6.130586838107937,-5.187247951038651,early_accumulation,0.2839,False,False,False,low,-0.14300000000000002,,False,False,0.30786673784235513,10_49m_range,False,"{'short_term': {'has_spike': False, 'momentum_initial': 'low', 'volume_mc_ratio': 0, 'is_candidate': False}, 'medium_term': {'persistence_days': 0, 'volume_recovery_consistent': False, 'volatility_reducing': False, 'is_emerging_leader': False}, 'long_term': {'trend_clear': False, 'sustainable_growth': False, 'consistency_score': 0, 'is_confirmed_leader': False}, 'classification': 'MONITORING'}",MONITORING,"{""should_analyze"": false, ""combined_validation"": ""NOT_APPLICABLE""}",False,0.0,False,Other,0.0,none,0.0,False,Apenas 2 snapshots (mínimo 3),10_49m_range,0.0,0,0.0,21,0,0,0,20260506,0,0,False,False,NOT_APPLICABLE,False,
steem,steem,Steem,https://coin-images.coingecko.com/coins/images/398/large/steem.png?1696501691,0.051485,28265121,718,28266278.0,8645685,0.053056,0.050967,-0.00109016710821537,-2.07353,-676482.4079332016,-2.3374,548937008.854,548959472.067,,8.19,-99.37188,2018-01-03T00:00:00.000Z,0.04499196,14.35902,2026-02-06T00:26:22.394Z,,2026-06-01T11:01:23.803Z,-7.91173303593198,-4.665687072034631,early_accumulation,0.9937,False,False,False,low,-0.5137299999999998,,False,False,0.3058782235533327,10_49m_range,False,"{'short_term': {'has_spike': False, 'momentum_initial': 'low', 'volume_mc_ratio': 0, 'is_candidate': False}, 'medium_term': {'persistence_days': 0, 'volume_recovery_consistent': False, 'volatility_reducing': False, 'is_emerging_leader': False}, 'long_term': {'trend_clear': False, 'sustainable_growth': False, 'consistency_score': 0, 'is_confirmed_leader': False}, 'classification': 'MONITORING'}",MONITORING,"{""should_analyze"": false, ""combined_validation"": ""NOT_APPLICABLE""}",False,0.0,False,Social,0.572,moderate,0.0093,False,Possível acumulação: slope=0.0093,10_49m_range,0.0,0,0.0,22,0,0,0,20260507,0,0,False,False,NOT_APPLICABLE,False,
notcoin,not,Notcoin,https://coin-images.coingecko.com/coins/images/33453/large/rFmThDiD_400x400.jpg?1701876350,0.00046788,46540965,504,47956116.0,14014625,0.00047906,0.00044477,6.84585e-07,0.14653,469947.0,1.02005,99429447866.9074,102452755868.5205,102456956842.91,0.02836145,-98.3503,2024-06-02T18:00:38.587Z,0.00032676,43.18883,2026-02-28T13:45:06.069Z,,2026-06-01T11:01:23.124Z,20.984879095271737,-0.36984510576933893,early_accumulation,0.9835,False,False,False,low,1.7063300000000001,,False,True,0.30112450397193097,10_49m_range,False,"{'short_term': {'has_spike': False, 'momentum_initial': 'low', 'volume_mc_ratio': 0, 'is_candidate': False}, 'medium_term': {'persistence_days': 0, 'volume_recovery_consistent': False, 'volatility_reducing': False, 'is_emerging_leader': False}, 'long_term': {'trend_clear': False, 'sustainable_growth': False, 'consistency_score': 0, 'is_confirmed_leader': False}, 'classification': 'MONITORING'}",MONITORING,"{""should_analyze"": false, ""combined_validation"": ""NOT_APPLICABLE""}",False,0.0,False,Meme,0.0,none,-0.0471,False,Ratio em queda — sem acumulação,10_49m_range,0.0,0,0.0,23,0,0,0,20260502,0,0,False,False,NOT_APPLICABLE,False,
book-of-meme,bome,BOOK OF MEME,https://coin-images.coingecko.com/coins/images/36071/large/bome.png?1710407255,0.00050894,35099183,603,35099183.0,10269852,0.0005224,0.00049332,-6.040451220587e-06,-1.17294,-380442.6310203746,-1.07228,68999659569.0,68999659569.0,68999659569.0,0.02688878,-98.10724,2024-03-16T13:51:17.648Z,5.848e-05,770.24477,2024-03-14T10:17:29.365Z,,2026-06-01T11:01:23.628Z,-2.3646971542978097,-5.389988470311493,early_accumulation,0.9811,False,False,False,low,0.38686,,False,False,0.2925951866173067,10_49m_range,False,"{'short_term': {'has_spike': False, 'momentum_initial': 'low', 'volume_mc_ratio': 0, 'is_candidate': False}, 'medium_term': {'persistence_days': 0, 'volume_recovery_consistent': False, 'volatility_reducing': False, 'is_emerging_leader': False}, 'long_term': {'trend_clear': False, 'sustainable_growth': False, 'consistency_score': 0, 'is_confirmed_leader': False}, 'classification': 'MONITORING'}",MONITORING,"{""should_analyze"": false, ""combined_validation"": ""NOT_APPLICABLE""}",False,0.0,False,Meme,0.0,none,-0.0085,False,Ratio em queda — sem acumulação,10_49m_range,0.0,0,0.0,24,0,0,0,20260502,0,0,False,False,NOT_APPLICABLE,False,
terrausd,ustc,TerraClassicUSD,https://coin-images.coingecko.com/coins/images/12681/large/UST.png?1696512486,0.00674017,37592428,569,40983336.0,10549001,0.0076742,0.00657102,0.00011413,1.7225,639870.0,1.7316,5576824631.980201,6079864764.155928,,1.092,-99.38264,2021-01-11T22:30:57.984Z,0.00406362,65.88697,2026-02-06T00:26:24.223Z,,2026-06-01T11:01:21.751Z,0.30453339329561807,8.448207230912807,early_accumulation,0.9938,False,False,False,low,3.2823,,True,True,0.28061504832834955,10_49m_range,False,"{'short_term': {'has_spike': False, 'momentum_initial': 'low', 'volume_mc_ratio': 0, 'is_candidate': False}, 'medium_term': {'persistence_days': 0, 'volume_recovery_consistent': False, 'volatility_reducing': False, 'is_emerging_leader': False}, 'long_term': {'trend_clear': False, 'sustainable_growth': False, 'consistency_score': 0, 'is_confirmed_leader': False}, 'classification': 'MONITORING'}",MONITORING,"{""should_analyze"": false, ""combined_validation"": ""NOT_APPLICABLE""}",False,0.0,False,RWA,0.334,weak,0.0181,False,Sinal fraco: slope=0.0181,10_49m_range,0.0,0,0.0,25,0,0,0,20260502,0,0,False,False,NOT_APPLICABLE,True,
neiro-3,neiro,Neiro,https://coin-images.coingecko.com/coins/images/39488/large/neiro.jpg?1731449567,7.835e-05,32962066,640,32962066.0,8795195,8.097e-05,7.711e-05,-7.57457691286e-07,-0.95751,-350289.7907316163,-1.05153,420690000000.0,420690000000.0,420690000000.0,0.00301761,-97.4249,2024-11-12T08:05:49.038Z,2.44e-06,3086.74943,2024-08-01T07:00:23.692Z,,2026-06-01T11:01:24.082Z,-13.81095438006634,-17.310625896176717,early_accumulation,0.974,False,False,False,low,0.6022900000000001,,False,False,0.26682778318567774,10_49m_range,False,"{'short_term': {'has_spike': False, 'momentum_initial': 'low', 'volume_mc_ratio': 0, 'is_candidate': False}, 'medium_term': {'persistence_days': 0, 'volume_recovery_consistent': False, 'volatility_reducing': False, 'is_emerging_leader': False}, 'long_term': {'trend_clear': False, 'sustainable_growth': False, 'consistency_score': 0, 'is_confirmed_leader': False}, 'classification': 'MONITORING'}",MONITORING,"{""should_analyze"": false, ""combined_validation"": ""NOT_APPLICABLE""}",False,0.0,False,Meme,0.0,none,-0.0247,False,Ratio em queda — sem acumulação,10_49m_range,0.0,0,0.0,26,0,0,0,20260502,0,0,False,False,NOT_APPLICABLE,False,
concierge-io,ava,AVA (Travala),https://coin-images.coingecko.com/coins/images/3014/large/AVA_Logo_160x160px_Black.png?1696503750,0.219704,16102852,973,16102852.0,4082989,0.224607,0.218202,-0.002523288596707252,-1.13545,-184339.1130150389,-1.1318,73278967.0,73278967.0,100000000.0,6.45,-96.59161,2021-04-14T07:24:28.788Z,0.01218947,1702.20569,2019-02-27T00:00:00.000Z,"{'times': -0.37227452403943573, 'currency': 'usd', 'percentage': -37.22745240394357}",2026-06-01T11:02:47.631Z,-19.117460342009053,-6.991179610024897,early_accumulation,0.9659,False,False,False,low,0.42435,,False,False,0.25355688545109895,10_49m_range,False,"{'short_term': {'has_spike': False, 'momentum_initial': 'low', 'volume_mc_ratio': 0, 'is_candidate': False}, 'medium_term': {'persistence_days': 0, 'volume_recovery_consistent': False, 'volatility_reducing': False, 'is_emerging_leader': False}, 'long_term': {'trend_clear': False, 'sustainable_growth': False, 'consistency_score': 0, 'is_confirmed_leader': False}, 'classification': 'MONITORING'}",MONITORING,"{""should_analyze"": false, ""combined_validation"": ""NOT_APPLICABLE""}",False,0.0,False,Other,0.253,weak,0.0016,False,Sinal fraco: slope=0.0016,10_49m_range,0.0,0,0.0,27,0,0,0,20260502,0,0,False,False,NOT_APPLICABLE,False,
yield-guild-games,ygg,Yield Guild Games,https://coin-images.coingecko.com/coins/images/17358/large/Shield_Mark_-_Colored_-_Iridescent.png?1696516909,0.03650356,27155540,731,36515098.0,6730407,0.03661443,0.03392451,0.00156721,4.48591,1258127.0,4.85812,743679761.5638877,1000000000.0,1000000000.0,11.17,-99.67326,2021-11-20T16:49:03.371Z,0.03337297,9.37862,2026-05-29T14:46:04.925Z,,2026-06-01T11:01:21.800Z,-11.15129119756922,-3.597428964594509,early_accumulation,0.9967,False,False,False,low,6.04571,,True,True,0.2478465535945888,10_49m_range,False,"{'short_term': {'has_spike': False, 'momentum_initial': 'low', 'volume_mc_ratio': 0, 'is_candidate': False}, 'medium_term': {'persistence_days': 0, 'volume_recovery_consistent': False, 'volatility_reducing': False, 'is_emerging_leader': False}, 'long_term': {'trend_clear': False, 'sustainable_growth': False, 'consistency_score': 0, 'is_confirmed_leader': False}, 'classification': 'MONITORING'}",MONITORING,"{""should_analyze"": false, ""combined_validation"": ""NOT_APPLICABLE""}",False,0.0,False,Gaming,0.0,none,-0.024,False,Ratio em queda — sem acumulação,10_49m_range,0.0,0,0.0,28,0,0,0,20260512,0,0,False,False,NOT_APPLICABLE,True,True
pippin,pippin,pippin,https://coin-images.coingecko.com/coins/images/51589/large/pippin_logo.png?1731570163,0.0178703,17868117,927,17868117.0,4266354,0.01942105,0.01768481,-0.001178536777499892,-6.18692,-1233584.7578482926,-6.45798,999935257.913911,999935257.913911,1000000000.0,0.897199,-98.00833,2026-02-26T15:35:05.499Z,0.0055459,222.20629,2024-12-30T00:02:49.802Z,,2026-06-01T11:02:44.520Z,-32.252299070338466,-20.900234595999194,early_accumulation,0.9801,False,False,False,low,-4.62712,,False,False,0.23876908797944404,10_49m_range,False,"{'short_term': {'has_spike': False, 'momentum_initial': 'low', 'volume_mc_ratio': 0, 'is_candidate': False}, 'medium_term': {'persistence_days': 0, 'volume_recovery_consistent': False, 'volatility_reducing': False, 'is_emerging_leader': False}, 'long_term': {'trend_clear': False, 'sustainable_growth': False, 'consistency_score': 0, 'is_confirmed_leader': False}, 'classification': 'MONITORING'}",MONITORING,"{""should_analyze"": false, ""combined_validation"": ""NOT_APPLICABLE""}",False,0.0,False,Other,0.0,none,-0.0037,False,Ratio em queda — sem acumulação,10_49m_range,0.0,0,0.0,29,0,0,0,20260511,0,0,False,False,NOT_APPLICABLE,False,
intel-ondo-tokenized-stock,intcon,Intel (Ondo Tokenized Stock),https://coin-images.coingecko.com/coins/images/68557/large/intcon_160x160.png?1756105832,108.65,20415974,862,20415974.0,4800659,116.68,107.48,-6.4999774037607665,-5.64469,-1623755.915322531,-7.3674,187592.0600832579,187592.0600832579,,275.94,-60.62083,2025-11-09T14:21:58.057Z,23.75,357.56631,2025-09-03T14:03:50.737Z,,2026-06-01T11:02:45.709Z,7.402578714794743,-11.369528688042795,early_accumulation,0.6063,False,False,False,low,-4.08489,,False,False,0.23514229592964803,10_49m_range,False,"{'short_term': {'has_spike': False, 'momentum_initial': 'low', 'volume_mc_ratio': 0, 'is_candidate': False}, 'medium_term': {'persistence_days': 0, 'volume_recovery_consistent': False, 'volatility_reducing': False, 'is_emerging_leader': False}, 'long_term': {'trend_clear': False, 'sustainable_growth': False, 'consistency_score': 0, 'is_confirmed_leader': False}, 'classification': 'MONITORING'}",MONITORING,"{""should_analyze"": false, ""combined_validation"": ""NOT_APPLICABLE""}",False,0.0,False,Other,0.0,none,-0.0127,False,Ratio em queda — sem acumulação,10_49m_range,0.0,0,0.0,30,0,0,0,20260503,0,0,False,False,NOT_APPLICABLE,False,
tellor,trb,Tellor Tributes,https://coin-images.coingecko.com/coins/images/9644/large/TRB-New_Logo.png?1737722143,16.5,46054225,508,47204228.0,10624980,16.95,16.35,-0.20461201645198912,-1.22462,-526336.9368947893,-1.12995,2790416.6951883715,2860095.189141852,,593.09,-97.2173,2023-12-31T22:15:07.200Z,0.01001379,164710.76678,2019-11-01T10:00:10.047Z,,2026-06-01T11:01:27.034Z,-17.812659719993054,-6.568018305442591,early_accumulation,0.9722,False,False,False,low,0.33518000000000003,,False,False,0.23070586900550383,10_49m_range,False,"{'short_term': {'has_spike': False, 'momentum_initial': 'low', 'volume_mc_ratio': 0, 'is_candidate': False}, 'medium_term': {'persistence_days': 0, 'volume_recovery_consistent': False, 'volatility_reducing': False, 'is_emerging_leader': False}, 'long_term': {'trend_clear': False, 'sustainable_growth': False, 'consistency_score': 0, 'is_confirmed_leader': False}, 'classification': 'MONITORING'}",MONITORING,"{""should_analyze"": false, ""combined_validation"": ""NOT_APPLICABLE""}",False,0.0,False,Other,0.0,none,-0.0073,False,Ratio em queda — sem acumulação,10_49m_range,0.0,0,0.0,31,0,0,0,20260509,0,0,False,False,NOT_APPLICABLE,False,
kyber-network-crystal,knc,Kyber Network Crystal,https://coin-images.coingecko.com/coins/images/14899/large/RwdVsGcw_400x400.jpg?1696514562,0.137925,23467630,798,33232613.0,5408202,0.14159,0.135967,-0.003493859154859974,-2.47058,-454413.1273170747,-1.89956,170152851.23024455,240954186.7017752,252301550.0,5.7,-97.5783,2022-04-29T00:29:36.976Z,0.123044,12.08838,2026-03-08T05:01:00.474Z,,2026-06-01T11:02:41.952Z,-15.143708810786174,-7.725520495862997,early_accumulation,0.9758,False,False,False,low,-0.9107799999999999,,False,False,0.2304536930231131,10_49m_range,False,"{'short_term': {'has_spike': False, 'momentum_initial': 'low', 'volume_mc_ratio': 0, 'is_candidate': False}, 'medium_term': {'persistence_days': 0, 'volume_recovery_consistent': False, 'volatility_reducing': False, 'is_emerging_leader': False}, 'long_term': {'trend_clear': False, 'sustainable_growth': False, 'consistency_score': 0, 'is_confirmed_leader': False}, 'classification': 'MONITORING'}",MONITORING,"{""should_analyze"": false, ""combined_validation"": ""NOT_APPLICABLE""}",False,0.0,False,Other,0.0,none,-0.0669,False,Ratio em queda — sem acumulação,10_49m_range,0.0,0,0.0,32,0,0,0,20260510,0,0,False,False,NOT_APPLICABLE,False,True
pundi-x-2,pundix,Pundi X,https://coin-images.coingecko.com/coins/images/14571/large/vDyefsXq_400x400.jpg?1696514252,0.137114,35438548,595,35438548.0,8048967,0.155814,0.135781,-0.013576421143481204,-9.00946,-3526327.5087519735,-9.05002,258386541.0999244,258386541.0999244,,10.07,-98.63754,2021-03-31T06:39:32.892Z,0.129592,5.85507,2026-05-29T14:31:01.284Z,,2026-06-01T11:01:38.710Z,-5.294706006264452,-2.8774844864181426,early_accumulation,0.9864,False,False,False,low,-7.449660000000001,,False,False,0.22712462711508383,10_49m_range,False,"{'short_term': {'has_spike': False, 'momentum_initial': 'low', 'volume_mc_ratio': 0, 'is_candidate': False}, 'medium_term': {'persistence_days': 0, 'volume_recovery_consistent': False, 'volatility_reducing': False, 'is_emerging_leader': False}, 'long_term': {'trend_clear': False, 'sustainable_growth': False, 'consistency_score': 0, 'is_confirmed_leader': False}, 'classification': 'MONITORING'}",MONITORING,"{""should_analyze"": false, ""combined_validation"": ""NOT_APPLICABLE""}",False,0.0,False,Other,0.0,none,0.0,False,Apenas 1 snapshots (mínimo 3),10_49m_range,0.0,0,0.0,33,0,0,0,20260531,0,0,False,False,NOT_APPLICABLE,False,
harrypotterobamasonic10in,bitcoin,HarryPotterObamaSonic10Inu (ETH),https://coin-images.coingecko.com/coins/images/30323/large/hpos10i_logo_casino_night-dexview.png?1696529224,0.01657942,16432080,967,16432080.0,3646683,0.0169937,0.01598524,0.00013592,0.82658,-10407.509990543127,-0.0633,999798155.0,999798155.0,1000000000.0,0.373421,-95.65031,2024-10-13T05:00:06.998Z,0.00066337,2348.5243,2023-05-31T23:11:46.784Z,,2026-06-01T11:02:42.890Z,-24.929296170113567,-2.0385906116761086,early_accumulation,0.9556,False,False,False,low,2.38638,,True,True,0.22192461331736457,10_49m_range,False,"{'short_term': {'has_spike': False, 'momentum_initial': 'low', 'volume_mc_ratio': 0, 'is_candidate': False}, 'medium_term': {'persistence_days': 0, 'volume_recovery_consistent': False, 'volatility_reducing': False, 'is_emerging_leader': False}, 'long_term': {'trend_clear': False, 'sustainable_growth': False, 'consistency_score': 0, 'is_confirmed_leader': False}, 'classification': 'MONITORING'}",MONITORING,"{""should_analyze"": false, ""combined_validation"": ""NOT_APPLICABLE""}",False,0.0,False,Other,0.0,none,-0.0402,False,Ratio em queda — sem acumulação,10_49m_range,0.0,0,0.0,34,0,0,0,20260507,0,0,False,False,NOT_APPLICABLE,True,
ankr,ankr,Ankr Network,https://coin-images.coingecko.com/coins/images/4324/large/Ankr_Blue_Symbol.png?1754623142,0.00461972,46276123,507,46276123.0,10229293,0.0046917,0.00452013,2.922e-05,0.63653,288598.0,0.62756,10000000000.0,10000000000.0,10000000000.0,0.213513,-97.83259,2021-04-16T19:44:04.474Z,0.00070728,554.29521,2020-03-13T02:24:03.563Z,"{'times': -0.3000428095194662, 'currency': 'usd', 'percentage': -30.004280951946622}",2026-06-01T11:01:40.252Z,-3.900190588370874,-1.502467289057084,early_accumulation,0.9784,False,False,False,low,2.19633,,True,True,0.2210490494201513,10_49m_range,False,"{'short_term': {'has_spike': False, 'momentum_initial': 'low', 'volume_mc_ratio': 0, 'is_candidate': False}, 'medium_term': {'persistence_days': 0, 'volume_recovery_consistent': False, 'volatility_reducing': False, 'is_emerging_leader': False}, 'long_term': {'trend_clear': False, 'sustainable_growth': False, 'consistency_score': 0, 'is_confirmed_leader': False}, 'classification': 'MONITORING'}",MONITORING,"{""should_analyze"": false, ""combined_validation"": ""NOT_APPLICABLE""}",False,0.0,False,DeFi,0.0,none,-0.0205,False,Ratio em queda — sem acumulação,10_49m_range,0.0,0,0.0,35,0,0,0,20260505,0,0,False,False,NOT_APPLICABLE,True,
moonriver,movr,Moonriver,https://coin-images.coingecko.com/coins/images/17984/large/Moonriver_MOVR_ICON.png?1716647589,1.78,21634404,834,22715521.0,4760277,1.82,1.6,0.129351,7.85285,2007369.0,10.22757,11924469.0,12520360.0,,494.26,-99.63411,2021-09-11T11:40:35.912Z,0.989365,82.79101,2026-03-29T22:50:08.955Z,,2026-06-01T11:02:42.278Z,-34.45419416276634,-13.545859094430938,early_accumulation,0.9964,False,False,False,low,9.41265,,True,True,0.22003273119980565,10_49m_range,False,"{'short_term': {'has_spike': False, 'momentum_initial': 'low', 'volume_mc_ratio': 0, 'is_candidate': False}, 'medium_term': {'persistence_days': 0, 'volume_recovery_consistent': False, 'volatility_reducing': False, 'is_emerging_leader': False}, 'long_term': {'trend_clear': False, 'sustainable_growth': False, 'consistency_score': 0, 'is_confirmed_leader': False}, 'classification': 'MONITORING'}",MONITORING,"{""should_analyze"": false, ""combined_validation"": ""NOT_APPLICABLE""}",False,0.0,False,Other,0.0,none,-0.0167,False,Ratio em queda — sem acumulação,10_49m_range,0.0,0,0.0,36,0,0,0,20260510,0,0,False,False,NOT_APPLICABLE,True,
cyberconnect,cyber,CYBER,https://coin-images.coingecko.com/coins/images/31274/large/token.png?1715826754,0.459269,30717258,679,45926728.0,6718855,0.46954,0.447715,0.00405475,0.89074,269735.0,0.8859,66883183.763333336,100000000.0,100000000.0,15.79,-97.09101,2023-09-01T22:25:07.435Z,0.427135,7.52324,2026-05-28T14:10:47.144Z,,2026-06-01T11:01:22.997Z,-12.863000041126229,-2.916301103050425,early_accumulation,0.9709,False,False,False,low,2.45054,,True,True,0.2187322514268689,10_49m_range,False,"{'short_term': {'has_spike': False, 'momentum_initial': 'low', 'volume_mc_ratio': 0, 'is_candidate': False}, 'medium_term': {'persistence_days': 0, 'volume_recovery_consistent': False, 'volatility_reducing': False, 'is_emerging_leader': False}, 'long_term': {'trend_clear': False, 'sustainable_growth': False, 'consistency_score': 0, 'is_confirmed_leader': False}, 'classification': 'MONITORING'}",MONITORING,"{""should_analyze"": false, ""combined_validation"": ""NOT_APPLICABLE""}",False,0.0,False,Other,0.0,none,-0.0056,False,Ratio em queda — sem acumulação,10_49m_range,0.0,0,0.0,37,0,0,0,20260506,0,0,False,False,NOT_APPLICABLE,True,True
stepn,gmt,GMT,https://coin-images.coingecko.com/coins/images/23597/large/token-gmt-200x200.png?1703153841,0.01014504,31567050,666,51477301.0,6825030,0.01049911,0.00989662,0.00010666,1.06254,362889.0,1.16295,3111400155.0,5073850155.102167,6000000000.0,4.11,-99.753,2022-04-28T03:29:53.820Z,0.00938775,8.06755,2026-03-29T22:55:08.566Z,,2026-06-01T11:01:22.001Z,-6.406437112907973,-12.442349918971987,early_accumulation,0.9975,False,False,False,low,2.6223400000000003,,True,True,0.21620740614026335,10_49m_range,False,"{'short_term': {'has_spike': False, 'momentum_initial': 'low', 'volume_mc_ratio': 0, 'is_candidate': False}, 'medium_term': {'persistence_days': 0, 'volume_recovery_consistent': False, 'volatility_reducing': False, 'is_emerging_leader': False}, 'long_term': {'trend_clear': False, 'sustainable_growth': False, 'consistency_score': 0, 'is_confirmed_leader': False}, 'classification': 'MONITORING'}",MONITORING,"{""should_analyze"": false, ""combined_validation"": ""NOT_APPLICABLE""}",False,0.0,False,Other,0.163,none,0.0348,False,"Spike detectado — possível pump, não acumulação gradual",10_49m_range,0.0,0,0.0,38,0,0,0,20260506,0,0,False,False,NOT_APPLICABLE,True,True
adventure-gold,agld,Adventure Gold,https://coin-images.coingecko.com/coins/images/18125/large/lpgblc4h_400x400.jpg?1696517628,0.220315,19306290,896,20498718.0,4050046,0.226356,0.215937,0.00092412,0.42122,130701.0,0.6816,87430001.0,92830001.0,96000000.0,7.7,-97.13958,2021-09-03T11:41:40.240Z,0.178306,23.56194,2026-02-06T00:22:15.894Z,,2026-06-01T11:02:42.295Z,-12.772834632407747,-7.528418276205633,early_accumulation,0.9714,False,False,False,low,1.98102,,False,True,0.2097785747546525,10_49m_range,False,"{'short_term': {'has_spike': False, 'momentum_initial': 'low', 'volume_mc_ratio': 0, 'is_candidate': False}, 'medium_term': {'persistence_days': 0, 'volume_recovery_consistent': False, 'volatility_reducing': False, 'is_emerging_leader': False}, 'long_term': {'trend_clear': False, 'sustainable_growth': False, 'consistency_score': 0, 'is_confirmed_leader': False}, 'classification': 'MONITORING'}",MONITORING,"{""should_analyze"": false, ""combined_validation"": ""NOT_APPLICABLE""}",False,0.0,False,Other,0.0,none,-0.0108,False,Ratio em queda — sem acumulação,10_49m_range,0.0,0,0.0,39,0,0,0,20260511,0,0,False,False,NOT_APPLICABLE,False,
oracle-ondo-tokenized-stock,orclon,Oracle (Ondo Tokenized Stock),https://coin-images.coingecko.com/coins/images/68592/large/orclon_160x160.png?1756129828,234.72,17173008,948,17173008.0,3535627,237.52,227.64,5.17,2.25368,900684.0,5.53506,73088.6725785459,73088.6725785459,,345.1,-31.98576,2025-09-10T15:21:34.041Z,132.98,76.50664,2026-02-06T00:22:51.146Z,,2026-06-01T11:02:45.706Z,34.13272792391687,20.008367168669032,early_accumulation,0.3198,False,False,False,low,3.81348,,True,True,0.20588280166177061,10_49m_range,False,"{'short_term': {'has_spike': False, 'momentum_initial': 'low', 'volume_mc_ratio': 0, 'is_candidate': False}, 'medium_term': {'persistence_days': 0, 'volume_recovery_consistent': False, 'volatility_reducing': False, 'is_emerging_leader': False}, 'long_term': {'trend_clear': False, 'sustainable_growth': False, 'consistency_score': 0, 'is_confirmed_leader': False}, 'classification': 'MONITORING'}",MONITORING,"{""should_analyze"": false, ""combined_validation"": ""NOT_APPLICABLE""}",False,0.0,False,Other,0.0,none,0.0,False,Apenas 1 snapshots (mínimo 3),10_49m_range,0.0,0,0.0,40,0,0,0,20260529,0,0,False,False,NOT_APPLICABLE,True,
